,Cliente,ID,Tipo,Data da Venda,Categoria,Vendedor,Regional,Duração do Contrato (Meses),Equipe,Valor
0,Cliente 1,2017-0022,Serviços,2018-01-02,Novo Logo,Vendedor 1,Brasil,1,Time 1,24800.0
1,Cliente 10,2018-0088,Serviços,2018-02-14,Novo Logo,Vendedor 1,Brasil,6,Time 1,302720.0
2,Cliente 10,2018-0104,Serviços,2018-03-13,Upselling,Vendedor 1,Brasil,1,Time 1,51894.86
3,Cliente 10,2018-0168,Serviços,2018-04-30,Upselling,Vendedor 1,Brasil,2,Time 1,51894.86
4,Cliente 10,2018-0169,Serviços,2018-04-30,Upselling,Vendedor 1,Brasil,2,Time 1,51894.86
5,Cliente 10,2018-0298,Serviços,2018-06-12,Upselling,Vendedor 1,Brasil,4,Time 1,138386.29
6,Cliente 10,2018-0296,Serviços,2018-06-20,Upselling,Vendedor 1,Brasil,1,Time 1,51895.2
7,Cliente 10,2018-0315,Serviços,2018-07-10,Upselling,Vendedor 1,Brasil,4,Time 1,145306.56
8,Cliente 10,2018-0317,Serviços,2018-07-13,Upselling,Vendedor 1,Brasil,6,Time 1,395862.54
9,Cliente 10,2018-0383,Serviços,2018-07-20,Upselling,Vendedor 1,Brasil,2,Time 1,69193.06
10,Cliente 10,2018-0412,Serviços,2018-08-22,Upselling,Vendedor 1,Brasil,6,Time 1,415161.6
11,Cliente 10,2018-0318,Serviços,2018-08-22,Upselling,Vendedor 1,Brasil,9,Time 1,622742.4
12,Cliente 10,2018-0445,Serviços,2018-08-31,Upselling,Vendedor 1,Brasil,1,Time 1,34596.8
13,Cliente 10,2018-0443,Serviços,2018-08-31,Upselling,Vendedor 1,Brasil,3,Time 1,77842.8
14,Cliente 10,2018-0437,Serviços,2018-09-19,Upselling,Vendedor 1,Brasil,3,Time 1,114169.44
15,Cliente 10,2018-0436,Serviços,2018-09-19,Upselling,Vendedor 1,Brasil,5,Time 1,380564.8
16,Cliente 10,2018-0551,Serviços,2018-11-13,Upselling,Vendedor 1,Brasil,1,Time 1,75248.04
17,Cliente 10,2018-0590,Serviços,2018-11-27,Upselling,Vendedor 1,Brasil,3,Time 1,108115.0
18,Cliente 10,2018-0316,Serviços,2018-12-13,Upselling,Vendedor 1,Brasil,4,Time 1,145306.56
19,Cliente 10,2018-0634,Serviços,2018-12-17,Upselling,Vendedor 1,Brasil,2,Time 1,176443.68
20,Cliente 10,2018-0670,Serviços,2018-12-20,Upselling,Vendedor 1,Brasil,2,Time 1,36326.64
21,Cliente 10,2019-0868,Serviços,2019-02-13,Upselling,Vendedor 1,Brasil,1,Time 1,36326.64
22,Cliente 10,2019-0902,Serviços,2019-02-15,Upselling,Vendedor 1,Brasil,3,Time 1,98600.88
23,Cliente 10,2019-1143,Serviços,2019-06-05,Upselling,Vendedor 1,Brasil,1,Time 1,520489.68
24,Cliente 10,2019-1625,Serviços,2019-09-30,Upselling,Vendedor 1,Brasil,3,Time 1,459488.75
25,Cliente 10,2019-1896,Serviços,2019-12-06,Upselling,Vendedor 1,Brasil,6,Time 1,456677.76
26,Cliente 10,2019-1705,Serviços,2019-12-30,Upselling,Vendedor 1,Brasil,3,Time 1,349075.92
27,Cliente 10,2020-2039,Serviços,2020-01-16,Renovação,Vendedor 1,Brasil,1,Time 1,115493.52
28,Cliente 10,2020-2113,Serviços,2020-02-18,Upselling,Vendedor 14,Brasil,1,Time 3,121975.34
29,Cliente 10,2020-2161,Serviços,2020-03-17,Upselling,Vendedor 14,Brasil,1,Time 3,115001.93
30,Cliente 10,2020-2162,Serviços,2020-03-30,Upselling,Vendedor 14,Brasil,1,Time 3,154178.48
31,Cliente 10,2020-2233,Serviços,2020-04-01,Upselling,Vendedor 14,Brasil,3,Time 3,230040.0
32,Cliente 10,2020-2234,Serviços,2020-04-08,Upselling,Vendedor 14,Brasil,1,Time 3,141696.0
33,Cliente 10,2020-2175,Serviços,2020-04-09,Upselling,Vendedor 14,Brasil,3,Time 3,110592.0
34,Cliente 10,2020-2341,Serviços,2020-05-19,Upselling,Vendedor 14,Brasil,3,Time 3,228338.88
35,Cliente 10,2020-2398,Serviços,2020-06-09,Upselling,Vendedor 14,Brasil,2,Time 3,141846.88
36,Cliente 10,2020-2401,Serviços,2020-06-09,Upselling,Vendedor 14,Brasil,4,Time 3,283693.76
37,Cliente 10,2020-2399,Serviços,2020-06-19,Upselling,Vendedor 14,Brasil,5,Time 3,193742.08
38,Cliente 10,2020-2337,Serviços,2020-06-30,Upselling,Vendedor 14,Brasil,3,Time 3,16433.48
39,Cliente 10,2020-2471,Serviços,2020-07-07,Upselling,Vendedor 14,Brasil,5,Time 3,354617.2
40,Cliente 10,2020-2605,Serviços,2020-08-24,Renovação,Vendedor 14,Brasil,4,Time 3,328320.0
41,Cliente 10,2020-2583,Serviços,2020-09-28,Upselling,Vendedor 14,Brasil,1,Time 3,39996.6
42,Cliente 10,2020-2594,Produtos,2020-10-19,Upselling,Vendedor 1,Brasil,36,Time 1,356400.0
43,Cliente 10,2021-3488,Serviços,2021-02-10,Upselling,Vendedor 9,Brasil,11,Time 3,3487357.44
44,Cliente 100,2020-2206,Produtos,2020-05-15,Novo Logo,Vendedor 13,Brasil,37,Time 3,2891561.0
45,Cliente 101,2020-2319,Serviços,2020-05-26,Novo Logo,Vendedor 3,Brasil,12,Time 1,174050.0
46,Cliente 101,2019-1169,Licenciamento,2020-05-26,Novo Logo,Vendedor 3,Brasil,12,Time 1,837527.0
47,Cliente 102,2020-2693,Produtos,2020-06-04,Novo Logo,Vendedor 19,Brasil,3,Time 3,688500.0
48,Cliente 103,2020-2394,Produtos,2020-07-07,Novo Logo,Vendedor 19,Brasil,36,Time 3,224000.0
49,Cliente 104,2020-3105,Produtos,2020-08-01,Renovação,Vendedor 17,Brasil,13,Time 8,78698.51
50,Cliente 105,2020-2530,Serviços,2020-08-03,Novo Logo,Vendedor 1,Brasil,2,Time 1,53104.0
51,Cliente 106,2020-2567,Produtos,2020-08-17,Novo Logo,Vendedor 16,Brasil,18,Time 3,1649610.36
52,Cliente 107,2020-2390,Produtos,2020-08-17,Novo Logo,Vendedor 19,Brasil,61,Time 3,483800.0
53,Cliente 108,2020-3129,Produtos,2020-08-18,Novo Logo,Vendedor 13,Brasil,35,Time 3,1517436.72
54,Cliente 108,2020-2418,Produtos,2020-08-18,Novo Logo,Vendedor 7,Brasil,35,Time 5,3034873.44
55,Cliente 109,2020-2537,Serviços,2020-08-28,Novo Logo,Vendedor 13,Brasil,2,Time 3,49279.44
56,Cliente 109,2021-3277,Produtos,2021-01-08,Cross selling,Vendedor 13,Brasil,12,Time 3,139200.0
57,Cliente 109,2020-2962,Serviços,2021-01-08,Cross selling,Vendedor 13,Brasil,12,Time 3,459605.28
58,Cliente 109,2021-3624,Serviços,2021-03-17,Upselling,Vendedor 13,Brasil,3,Time 3,35967.0
59,Cliente 109,2021-3577,Serviços,2021-03-22,Cross selling,Vendedor 13,Brasil,12,Time 3,1229003.3
60,Cliente 11,2018-0046,Serviços,2018-02-27,Novo Logo,Vendedor 3,Brasil,1,Time 1,8990.0
61,Cliente 110,2020-2644,Licenciamento,2020-08-31,Novo Logo,Vendedor 12,Colombia,12,Time 10,241650.0
62,Cliente 111,2020-2639,Produtos,2020-08-31,Novo Logo,Vendedor 19,Brasil,61,Time 3,626220.0
63,Cliente 111,2020-2580,Produtos,2020-08-31,Novo Logo,Vendedor 19,Brasil,53,Time 3,3016440.0
64,Cliente 112,2020-3080,Produtos,2020-09-21,Novo Logo,Vendedor 17,Brasil,21,Time 8,91200.0
65,Cliente 113,2020-2480,Licenciamento,2020-09-21,Novo Logo,Vendedor 1,Brasil,36,Time 1,1055110.36
66,Cliente 114,2020-2412,Serviços,2020-09-24,Novo Logo,Vendedor 18,Brasil,4,Time 1,100000.0
67,Cliente 115,2020-2507,Produtos,2020-09-24,Novo Logo,Vendedor 18,Brasil,3,Time 1,195056.92
68,Cliente 116,2020-2723,Licenciamento,2020-09-25,Novo Logo,Vendedor 8,Mexico,12,Time 9,1369162.05
69,Cliente 116,2020-3155,Licenciamento,2020-12-21,Upselling,Vendedor 8,Mexico,3,Time 9,134025.16
70,Cliente 116,2021-3680,Licenciamento,2021-03-26,Upselling,Vendedor 8,Mexico,3,Time 9,134025.16
71,Cliente 117,2020-2634,Produtos,2020-09-28,Novo Logo,Vendedor 21,Brasil,36,Time 3,112440.0
72,Cliente 118,2020-2872,Serviços,2020-09-30,Cross selling,Vendedor 3,Brasil,12,Time 1,253994.4
73,Cliente 118,2020-2689,Produtos,2020-09-30,Novo Logo,Vendedor 3,Brasil,12,Time 1,3398870.55
74,Cliente 119,2020-2127,Licenciamento,2020-09-30,Novo Logo,Vendedor 8,Mexico,37,Time 9,2450331.0
75,Cliente 12,2018-0107,Serviços,2018-03-01,Upselling,Vendedor 1,Brasil,12,Time 1,200000.0
76,Cliente 12,2018-0228,Produtos,2018-07-25,Renovação,Vendedor 1,Brasil,12,Time 1,180000.0
77,Cliente 12,2018-0127,Produtos,2018-07-25,Cross selling,Vendedor 1,Brasil,12,Time 1,213832.92
78,Cliente 12,2019-0889,Serviços,2019-02-21,Upselling,Vendedor 1,Brasil,12,Time 1,210140.0
79,Cliente 12,2019-0849,Produtos,2019-06-05,Renovação,Vendedor 1,Brasil,6,Time 1,90000.0
80,Cliente 12,2019-1314,Produtos,2019-06-18,Renovação,Vendedor 1,Brasil,6,Time 1,53458.23
81,Cliente 12,2020-2071,Licenciamento,2019-12-27,Upselling,Vendedor 1,Brasil,1,Time 1,126221.01
82,Cliente 12,2019-1778,Produtos,2020-01-17,Cross selling,Vendedor 14,Brasil,12,Time 3,298680.0
83,Cliente 12,2018-0358,Licenciamento,2020-09-29,Renovação,Vendedor 14,Brasil,12,Time 3,535800.0
84,Cliente 12,2021-3708,Serviços,2021-02-25,Cross selling,Vendedor 20,Brasil,12,Time 3,111300.0
85,Cliente 12,2020-2994,Produtos,2021-02-25,Cross selling,Vendedor 20,Brasil,12,Time 3,187380.0
86,Cliente 120,2020-3124,Produtos,2020-10-01,Upselling,Vendedor 17,Brasil,24,Time 8,1250.0
87,Cliente 121,2020-2539,Serviços,2020-10-01,Novo Logo,Vendedor 3,Brasil,2,Time 1,29592.0
88,Cliente 122,2020-2572,Serviços,2020-10-01,Novo Logo,Vendedor 3,Brasil,1,Time 1,7182.0
89,Cliente 123,2020-2917,Serviços,2020-10-19,Novo Logo,Vendedor 1,Brasil,4,Time 1,332471.3
90,Cliente 123,2021-3576,Serviços,2021-03-11,Upselling,Vendedor 13,Brasil,11,Time 3,1219061.58
91,Cliente 124,2020-2898,Serviços,2020-10-19,Novo Logo,Vendedor 1,Brasil,12,Time 1,317832.37
92,Cliente 124,2021-3541,Serviços,2021-03-03,Upselling,Vendedor 9,Brasil,12,Time 3,342720.0
93,Cliente 125,2020-2648,Licenciamento,2020-10-29,Novo Logo,Vendedor 12,Colombia,12,Time 10,327570.0
94,Cliente 126,2020-2980,Produtos,2020-10-30,Novo Logo,Vendedor 7,Brasil,12,Time 5,1750373.68
95,Cliente 126,2020-3001,Produtos,2020-12-14,Novo Logo,Vendedor 3,Brasil,12,Time 1,268231.5
96,Cliente 127,2020-2921,Serviços,2020-11-09,Novo Logo,Vendedor 20,Brasil,3,Time 3,29964.48
97,Cliente 128,2020-2658,Produtos,2020-11-09,Novo Logo,Vendedor 3,Brasil,12,Time 1,130649.63
98,Cliente 129,2020-2637,Produtos,2020-11-16,Novo Logo,Vendedor 7,Brasil,60,Time 5,1740000.0
99,Cliente 13,2017-0023,Serviços,2018-03-12,Cross selling,Vendedor 1,Brasil,2,Time 1,67830.0
100,Cliente 13,2018-0302,Licenciamento,2018-07-23,Upselling,Vendedor 1,Brasil,17,Time 1,168959.59
101,Cliente 13,2018-0301,Licenciamento,2018-07-23,Upselling,Vendedor 1,Brasil,37,Time 1,1351967.23
102,Cliente 13,2019-0861,Licenciamento,2019-01-31,Upselling,Vendedor 1,Brasil,30,Time 1,440551.24
103,Cliente 13,2019-0881,Serviços,2019-03-11,Upselling,Vendedor 1,Brasil,7,Time 1,201696.0
104,Cliente 13,2019-0910,Licenciamento,2019-03-18,Upselling,Vendedor 1,Brasil,28,Time 1,3649217.87
105,Cliente 13,2019-0891,Serviços,2019-04-05,Cross selling,Vendedor 1,Brasil,7,Time 1,192001.92
106,Cliente 13,2019-1277,Serviços,2019-06-03,Cross selling,Vendedor 1,Brasil,1,Time 1,143000.0
107,Cliente 13,2019-1308,Serviços,2019-06-03,Upselling,Vendedor 1,Brasil,1,Time 1,237912.87
108,Cliente 13,2019-1203,Serviços,2019-06-04,Upselling,Vendedor 1,Brasil,3,Time 1,133932.48
109,Cliente 13,2019-1262,Serviços,2019-06-07,Upselling,Vendedor 1,Brasil,3,Time 1,101999.04
110,Cliente 13,2019-1289,Licenciamento,2019-06-19,Upselling,Vendedor 1,Brasil,26,Time 1,547685.15
111,Cliente 13,2019-1357,Serviços,2019-08-01,Cross selling,Vendedor 1,Brasil,1,Time 1,55366.07
112,Cliente 13,2019-1568,Licenciamento,2019-09-05,Upselling,Vendedor 1,Brasil,23,Time 1,308542.94
113,Cliente 13,2019-1582,Serviços,2019-09-16,Upselling,Vendedor 1,Brasil,4,Time 1,300000.0
114,Cliente 13,2019-1632,Serviços,2019-09-26,Cross selling,Vendedor 1,Brasil,1,Time 1,105926.56
115,Cliente 13,2019-1676,Serviços,2019-10-15,Upselling,Vendedor 1,Brasil,1,Time 1,384833.7
116,Cliente 13,2020-1973,Licenciamento,2020-01-31,Renovação,Vendedor 1,Brasil,18,Time 1,186761.31
117,Cliente 13,2020-2077,Licenciamento,2020-01-31,Renovação,Vendedor 13,Brasil,17,Time 3,528010.48
118,Cliente 13,2020-1975,Licenciamento,2020-01-31,Renovação,Vendedor 1,Brasil,18,Time 1,1584032.12
119,Cliente 13,2020-2084,Serviços,2020-02-03,Cross selling,Vendedor 13,Brasil,1,Time 3,17168.64
120,Cliente 13,2020-2081,Serviços,2020-02-28,Renovação,Vendedor 13,Brasil,1,Time 3,112321.44
121,Cliente 13,2020-2512,Licenciamento,2020-07-24,Renovação,Vendedor 13,Brasil,11,Time 3,529783.84
122,Cliente 13,2020-2698,Licenciamento,2020-09-25,Upselling,Vendedor 13,Brasil,24,Time 3,2797378.88
123,Cliente 13,2020-3153,Licenciamento,2021-01-29,Upselling,Vendedor 13,Brasil,12,Time 3,93735.36
124,Cliente 13,2021-3594,Licenciamento,2021-03-12,Upselling,Vendedor 13,Brasil,12,Time 3,920035.77
125,Cliente 130,2019-1389,Produtos,2020-11-16,Novo Logo,Vendedor 20,Brasil,36,Time 3,2564644.92
126,Cliente 131,2020-2997,Serviços,2020-11-20,Novo Logo,Vendedor 13,Brasil,1,Time 3,31080.0
127,Cliente 131,2021-3572,Serviços,2021-03-02,Upselling,Vendedor 13,Brasil,1,Time 3,4920.0
128,Cliente 132,2020-3033,Produtos,2020-12-01,Novo Logo,Vendedor 17,Brasil,24,Time 8,29196.0
129,Cliente 133,2020-3071,Produtos,2020-12-01,Novo Logo,Vendedor 13,Brasil,12,Time 3,100800.0
130,Cliente 135,2020-3097,Produtos,2020-12-11,Novo Logo,Vendedor 17,Brasil,12,Time 8,45798.0
131,Cliente 136,2020-2407,Licenciamento,2020-12-11,Novo Logo,Vendedor 8,Mexico,12,Time 9,209967.0
132,Cliente 136,2020-3156,Licenciamento,2020-12-23,Novo Logo,Vendedor 8,Mexico,12,Time 9,564172.2
133,Cliente 137,2020-3130,Produtos,2020-12-12,Novo Logo,Vendedor 7,Brasil,61,Time 5,534600.0
134,Cliente 138,2020-3140,Produtos,2020-12-14,Novo Logo,Vendedor 3,Brasil,12,Time 1,3484000.0
135,Cliente 138,2020-3144,Licenciamento,2020-12-16,Upselling,Vendedor 3,Brasil,12,Time 1,6000000.0
136,Cliente 138,2021-3354,Produtos,2021-01-29,Upselling,Vendedor 3,Brasil,12,Time 1,3415203.84
137,Cliente 139,2020-2624,Produtos,2020-12-14,Novo Logo,Vendedor 21,Brasil,37,Time 3,172800.0
138,Cliente 14,2017-0103,Serviços,2018-03-16,Upselling,Vendedor 4,Brasil,5,Time 2,205000.0
139,Cliente 14,2017-0102,Produtos,2018-04-09,Cross selling,Vendedor 4,Brasil,3,Time 2,89292.5
140,Cliente 14,2018-0206,Serviços,2018-04-30,Upselling,Vendedor 4,Brasil,13,Time 2,2379999.84
141,Cliente 14,2017-0128,Serviços,2018-06-15,Upselling,Vendedor 4,Brasil,12,Time 2,1330000.0
142,Cliente 14,2018-0262,Produtos,2019-04-23,Upselling,Vendedor 10,Brasil,1,Time 7,300000.0
143,Cliente 14,2019-1202,Produtos,2019-05-17,Cross selling,Vendedor 10,Brasil,1,Time 7,46569.0
144,Cliente 14,2019-1299,Serviços,2019-06-28,Upselling,Vendedor 10,Brasil,13,Time 7,12100320.0
145,Cliente 14,2019-1290,Serviços,2019-07-03,Cross selling,Vendedor 10,Brasil,2,Time 7,71000.0
146,Cliente 14,2019-1615,Serviços,2019-09-13,Upselling,Vendedor 10,Brasil,2,Time 7,19880.0
147,Cliente 14,2019-1347,Serviços,2019-09-23,Upselling,Vendedor 10,Brasil,12,Time 7,1472416.0
148,Cliente 14,2019-1652,Serviços,2019-12-27,Cross selling,Vendedor 10,Brasil,12,Time 7,765920.0
149,Cliente 14,2020-2419,Licenciamento,2020-06-30,Cross selling,Vendedor 18,Brasil,12,Time 1,93437.4
150,Cliente 14,2020-2494,Serviços,2020-08-12,Cross selling,Vendedor 18,Brasil,4,Time 1,97500.0
151,Cliente 14,2019-1413,Licenciamento,2020-08-17,Cross selling,Vendedor 18,Brasil,12,Time 1,1391362.64
152,Cliente 14,2020-2455,Serviços,2020-09-22,Cross selling,Vendedor 18,Brasil,12,Time 1,9048490.66
153,Cliente 14,2020-3008,Serviços,2020-12-10,Upselling,Vendedor 18,Brasil,6,Time 1,161280.0
154,Cliente 14,2020-3069,Serviços,2021-01-12,Upselling,Vendedor 18,Brasil,12,Time 1,290016.0
155,Cliente 14,2021-3286,Serviços,2021-01-26,Upselling,Vendedor 18,Brasil,12,Time 1,322560.0
156,Cliente 14,2021-3204,Serviços,2021-03-09,Upselling,Vendedor 18,Brasil,12,Time 1,6707860.0
157,Cliente 14,2021-3584,Serviços,2021-04-14,Cross selling,Vendedor 18,Brasil,12,Time 1,305182.08
158,Cliente 14,2021-3604,Serviços,2021-04-27,Upselling,Vendedor 18,Brasil,12,Time 1,1718115.84
159,Cliente 140,2020-3041,Produtos,2020-12-14,Novo Logo,Vendedor 22,Brasil,73,Time 11,606000.0
160,Cliente 140,2020-3042,Produtos,2020-12-14,Novo Logo,Vendedor 22,Brasil,61,Time 11,1544000.0
161,Cliente 141,2020-2884,Serviços,2020-12-14,Novo Logo,Vendedor 20,Brasil,2,Time 3,108000.0
162,Cliente 142,2020-3029,Produtos,2020-12-15,Novo Logo,Vendedor 17,Brasil,24,Time 8,39200.0
163,Cliente 143,2020-3034,Produtos,2020-12-16,Novo Logo,Vendedor 17,Brasil,12,Time 8,27477.0
164,Cliente 144,2020-3028,Produtos,2020-12-16,Novo Logo,Vendedor 17,Brasil,12,Time 8,2500.0
165,Cliente 145,2020-2211,Serviços,2020-12-16,Cross selling,Vendedor 13,Brasil,13,Time 3,585205.25
166,Cliente 145,2021-3279,Produtos,2020-12-16,Novo Logo,Vendedor 13,Brasil,37,Time 3,696344.04
167,Cliente 146,2020-2986,Licenciamento,2020-12-29,Novo Logo,Vendedor 12,Colombia,11,Time 10,429642.96
168,Cliente 147,2020-3147,Produtos,2020-12-31,Novo Logo,Vendedor 17,Brasil,24,Time 8,30800.0
169,Cliente 148,2021-3538,Produtos,2021-02-12,Novo Logo,Vendedor 24,Brasil,61,Time 11,463970.0
170,Cliente 149,2021-3564,Produtos,2021-02-25,Novo Logo,Vendedor 20,Brasil,61,Time 3,144000.0
171,Cliente 149,2020-3154,Produtos,2021-02-25,Novo Logo,Vendedor 20,Brasil,61,Time 3,1427952.0
172,Cliente 15,2017-0005,Serviços,2018-03-27,Novo Logo,Vendedor 5,Colombia,5,Time 3,913900.0
173,Cliente 15,2019-1003,Serviços,2019-03-31,Upselling,Vendedor 12,Colombia,4,Time 6,757427.76
174,Cliente 15,2019-1397,Serviços,2019-07-04,Upselling,Vendedor 12,Colombia,1,Time 6,71958.0
175,Cliente 15,2019-1710,Serviços,2019-12-27,Upselling,Vendedor 12,Colombia,1,Time 6,111996.72
176,Cliente 150,2021-3369,Produtos,2021-02-25,Novo Logo,Vendedor 26,Brasil,61,Time 12,384000.0
177,Cliente 151,2021-3303,Produtos,2021-03-01,Novo Logo,Vendedor 17,Brasil,24,Time 8,77000.0
178,Cliente 152,2021-3655,Produtos,2021-03-17,Novo Logo,Vendedor 27,Brasil,61,Time 12,420000.0
179,Cliente 153,2021-3282,Produtos,2021-03-29,Novo Logo,Vendedor 19,Brasil,60,Time 3,330000.0
180,Cliente 154,2021-3591,Produtos,2021-03-29,Novo Logo,Vendedor 19,Brasil,37,Time 3,34920.0
181,Cliente 155,2021-3280,Produtos,2021-03-31,Novo Logo,Vendedor 24,Brasil,24,Time 11,120000.0
182,Cliente 156,2021-3471,Produtos,2021-03-31,Novo Logo,Vendedor 7,Brasil,22,Time 5,4775245.0
183,Cliente 157,2021-3766,Produtos,2021-03-31,Novo Logo,Vendedor 7,Brasil,61,Time 5,145000.0
184,Cliente 158,2019-1649,Licenciamento,2021-04-26,Novo Logo,Vendedor 12,Colombia,24,Time 10,534905.7
185,Cliente 159,2021-3375,Produtos,2021-04-29,Novo Logo,Vendedor 25,Brasil,24,Time 3,30720.0
186,Cliente 16,2018-0086,Produtos,2018-04-04,Upselling,Vendedor 1,Brasil,8,Time 1,231587.2
187,Cliente 16,2018-0373,Produtos,2018-09-28,Cross selling,Vendedor 1,Brasil,12,Time 1,366000.0
188,Cliente 16,2018-0069,Produtos,2018-11-30,Upselling,Vendedor 1,Brasil,6,Time 1,489617.84
189,Cliente 16,2018-0564,Serviços,2018-12-13,Upselling,Vendedor 1,Brasil,4,Time 1,182606.34
190,Cliente 16,2019-1179,Serviços,2019-05-21,Cross selling,Vendedor 1,Brasil,3,Time 1,230882.76
191,Cliente 16,2019-1243,Serviços,2019-06-26,Upselling,Vendedor 1,Brasil,3,Time 1,103913.36
192,Cliente 16,2018-0137,Serviços,2019-09-18,Upselling,Vendedor 1,Brasil,1,Time 1,517224.0
193,Cliente 16,2019-1330,Serviços,2019-09-20,Upselling,Vendedor 1,Brasil,1,Time 1,127502.28
194,Cliente 16,2019-1358,Serviços,2019-10-01,Upselling,Vendedor 1,Brasil,5,Time 1,380785.85
195,Cliente 16,2019-1586,Serviços,2019-10-14,Upselling,Vendedor 1,Brasil,1,Time 1,103569.45
196,Cliente 16,2019-0853,Produtos,2019-11-22,Renovação,Vendedor 1,Brasil,12,Time 1,438000.0
197,Cliente 16,2019-1709,Serviços,2019-11-29,Upselling,Vendedor 1,Brasil,1,Time 1,118000.0
198,Cliente 16,2019-1708,Produtos,2019-11-29,Upselling,Vendedor 1,Brasil,6,Time 1,148000.0
199,Cliente 16,2019-1763,Licenciamento,2019-12-13,Cross selling,Vendedor 1,Brasil,12,Time 1,320000.0
200,Cliente 16,2020-2552,Serviços,2020-09-22,Upselling,Vendedor 20,Brasil,6,Time 3,518000.0
201,Cliente 16,2020-2094,Serviços,2020-09-22,Cross selling,Vendedor 20,Brasil,13,Time 3,550000.0
202,Cliente 16,2020-2457,Serviços,2020-10-19,Cross selling,Vendedor 20,Brasil,3,Time 3,320000.0
203,Cliente 16,2020-2460,Produtos,2020-11-30,Renovação,Vendedor 20,Brasil,12,Time 3,438000.0
204,Cliente 16,2021-3705,Serviços,2021-03-25,Upselling,Vendedor 20,Brasil,2,Time 3,27936.0
205,Cliente 160,2021-3843,Produtos,2021-04-30,Novo Logo,Vendedor 21,Brasil,67,Time 3,1658000.0
206,Cliente 17,2018-0172,Serviços,2018-04-18,Cross selling,Vendedor 3,Brasil,1,Time 1,37710.0
207,Cliente 17,2017-0135,Licenciamento,2018-04-18,Cross selling,Vendedor 3,Brasil,12,Time 1,288290.0
208,Cliente 17,2018-0351,Licenciamento,2019-09-24,Renovação,Vendedor 3,Brasil,37,Time 1,1072800.0
209,Cliente 18,2018-0177,Serviços,2018-04-19,Upselling,Vendedor 3,Brasil,1,Time 1,6000.0
210,Cliente 19,2018-0182,Serviços,2018-04-23,Novo Logo,Vendedor 3,Brasil,1,Time 1,6720.0
211,Cliente 2,2017-0026,Licenciamento,2018-01-08,Upselling,Vendedor 2,Brasil,13,Time 2,323719.72
212,Cliente 2,2018-0368,Licenciamento,2018-09-27,Upselling,Vendedor 2,Brasil,12,Time 2,154000.0
213,Cliente 2,2018-0547,Licenciamento,2018-11-05,Upselling,Vendedor 7,Brasil,12,Time 5,132000.0
214,Cliente 2,2018-0610,Licenciamento,2019-02-26,Upselling,Vendedor 3,Brasil,12,Time 1,695000.0
215,Cliente 2,2019-0932,Licenciamento,2019-02-28,Upselling,Vendedor 3,Brasil,12,Time 1,66000.0
216,Cliente 2,2019-0933,Licenciamento,2019-02-28,Upselling,Vendedor 3,Brasil,12,Time 1,132000.0
217,Cliente 2,2018-0631,Serviços,2019-04-18,Cross selling,Vendedor 3,Brasil,2,Time 1,295000.0
218,Cliente 2,2019-1234,Licenciamento,2019-05-15,Upselling,Vendedor 3,Brasil,12,Time 1,22000.0
219,Cliente 2,2019-1364,Licenciamento,2019-07-01,Upselling,Vendedor 3,Brasil,12,Time 1,22000.0
220,Cliente 2,2019-1382,Licenciamento,2019-07-03,Upselling,Vendedor 3,Brasil,12,Time 1,22000.0
221,Cliente 2,2019-1318,Licenciamento,2019-10-03,Upselling,Vendedor 3,Brasil,24,Time 1,4134303.11
222,Cliente 2,2019-1874,Licenciamento,2019-11-19,Upselling,Vendedor 3,Brasil,12,Time 1,120612.0
223,Cliente 2,2019-1682,Licenciamento,2019-11-19,Upselling,Vendedor 3,Brasil,12,Time 1,160816.0
224,Cliente 2,2019-1875,Licenciamento,2019-11-27,Upselling,Vendedor 3,Brasil,12,Time 1,20102.0
225,Cliente 2,2020-2724,Licenciamento,2020-09-25,Upselling,Vendedor 3,Brasil,12,Time 1,60306.0
226,Cliente 2,2020-3075,Licenciamento,2020-12-14,Renovação,Vendedor 3,Brasil,13,Time 1,49844.1
227,Cliente 2,2020-2899,Licenciamento,2020-12-14,Renovação,Vendedor 3,Brasil,13,Time 1,424654.8
228,Cliente 2,2020-2950,Licenciamento,2020-12-14,Cross selling,Vendedor 3,Brasil,12,Time 1,616738.68
229,Cliente 2,2020-2592,Licenciamento,2021-01-11,Upselling,Vendedor 3,Brasil,12,Time 1,416110.71
230,Cliente 2,2021-3414,Serviços,2021-02-02,Cross selling,Vendedor 3,Brasil,12,Time 1,36800.0
231,Cliente 2,2021-3418,Serviços,2021-02-02,Cross selling,Vendedor 3,Brasil,12,Time 1,51029.45
232,Cliente 20,2018-0036,Serviços,2018-04-30,Novo Logo,Vendedor 1,Brasil,1,Time 1,29200.0
233,Cliente 21,2018-0102,Serviços,2018-04-30,Upselling,Vendedor 3,Brasil,11,Time 1,380400.0
234,Cliente 21,2020-2275,Serviços,2020-04-30,Cross selling,Vendedor 3,Brasil,12,Time 1,94331.34
235,Cliente 21,2020-2274,Serviços,2020-04-30,Cross selling,Vendedor 3,Brasil,12,Time 1,1011387.74
236,Cliente 21,2020-2058,Licenciamento,2020-04-30,Cross selling,Vendedor 3,Brasil,24,Time 1,5039994.61
237,Cliente 21,2021-3899,Serviços,2021-04-30,Upselling,Vendedor 29,Brasil,12,Time 1,320439.68
238,Cliente 21,2021-3716,Licenciamento,2021-04-30,Renovação,Vendedor 29,Brasil,37,Time 1,18192880.38
239,Cliente 22,2018-0164,Produtos,2018-04-30,Novo Logo,Vendedor 1,Brasil,3,Time 1,50000.0
240,Cliente 23,2017-0018,Produtos,2018-05-04,Cross selling,Vendedor 1,Brasil,7,Time 1,332463.36
241,Cliente 23,2017-0209,Licenciamento,2018-07-26,Renovação,Vendedor 1,Brasil,12,Time 1,235386.18
242,Cliente 23,2018-0226,Produtos,2018-07-26,Cross selling,Vendedor 1,Brasil,12,Time 1,408000.0
243,Cliente 23,2018-0648,Licenciamento,2019-06-26,Renovação,Vendedor 1,Brasil,12,Time 1,235386.18
244,Cliente 23,2019-0854,Produtos,2019-08-28,Renovação,Vendedor 1,Brasil,12,Time 1,360000.0
245,Cliente 23,2019-1901,Serviços,2019-12-16,Cross selling,Vendedor 9,Brasil,5,Time 3,359186.94
246,Cliente 23,2020-2551,Serviços,2020-08-14,Renovação,Vendedor 20,Brasil,12,Time 3,303590.4
247,Cliente 23,2020-2868,Produtos,2020-09-30,Upselling,Vendedor 20,Brasil,24,Time 3,226000.0
248,Cliente 24,2017-0123,Serviços,2018-05-08,Upselling,Vendedor 2,Brasil,11,Time 2,310464.0
249,Cliente 24,2017-0136,Licenciamento,2018-05-09,Renovação,Vendedor 2,Brasil,12,Time 2,184824.0
250,Cliente 24,2018-0384,Licenciamento,2018-09-28,Upselling,Vendedor 1,Brasil,8,Time 1,67619.11
251,Cliente 24,2018-0478,Produtos,2018-09-28,Upselling,Vendedor 1,Brasil,6,Time 1,155232.0
252,Cliente 24,2019-0968,Serviços,2019-03-14,Upselling,Vendedor 1,Brasil,12,Time 1,310464.0
253,Cliente 24,2019-0999,Serviços,2019-03-25,Upselling,Vendedor 1,Brasil,13,Time 1,310464.0
254,Cliente 24,2018-0343,Licenciamento,2019-04-05,Renovação,Vendedor 1,Brasil,12,Time 1,385335.65
255,Cliente 24,2019-1297,Serviços,2019-06-28,Upselling,Vendedor 1,Brasil,12,Time 1,310464.0
256,Cliente 24,2019-1580,Licenciamento,2019-09-23,Upselling,Vendedor 1,Brasil,12,Time 1,160371.66
257,Cliente 24,2020-1978,Serviços,2020-01-23,Renovação,Vendedor 9,Brasil,12,Time 3,310464.0
258,Cliente 24,2020-2281,Serviços,2020-06-25,Cross selling,Vendedor 9,Brasil,1,Time 3,379663.2
259,Cliente 24,2020-2065,Licenciamento,2020-06-25,Renovação,Vendedor 9,Brasil,12,Time 3,1110336.08
260,Cliente 24,2020-2938,Licenciamento,2021-04-19,Renovação,Vendedor 9,Brasil,1,Time 3,1440707.04
261,Cliente 25,2018-0196,Licenciamento,2018-05-15,Novo Logo,Vendedor 3,Brasil,12,Time 1,18053.67
262,Cliente 25,2018-0344,Licenciamento,2019-05-10,Renovação,Vendedor 3,Brasil,12,Time 1,22895.98
263,Cliente 26,2018-0167,Serviços,2018-05-22,Upselling,Vendedor 6,Brasil,4,Time 3,233023.49
264,Cliente 26,2018-0251,Produtos,2018-05-22,Upselling,Vendedor 6,Brasil,12,Time 3,454798.56
265,Cliente 26,2017-0137,Serviços,2018-05-24,Renovação,Vendedor 4,Brasil,1,Time 2,36000.0
266,Cliente 26,2018-0312,Serviços,2018-06-20,Cross selling,Vendedor 6,Brasil,1,Time 3,8990.0
267,Cliente 26,2018-0256,Serviços,2018-07-30,Upselling,Vendedor 6,Brasil,2,Time 3,75799.76
268,Cliente 26,2018-0426,Serviços,2018-08-31,Upselling,Vendedor 6,Brasil,13,Time 3,454798.56
269,Cliente 26,2018-0526,Serviços,2018-11-05,Upselling,Vendedor 6,Brasil,2,Time 3,75799.76
270,Cliente 26,2018-0577,Serviços,2018-11-23,Upselling,Vendedor 6,Brasil,3,Time 3,113699.64
271,Cliente 26,2018-0449,Serviços,2018-11-30,Upselling,Vendedor 6,Brasil,2,Time 3,245970.21
272,Cliente 26,2018-0581,Serviços,2018-12-21,Upselling,Vendedor 6,Brasil,1,Time 3,151599.52
273,Cliente 26,2018-0481,Serviços,2018-12-21,Upselling,Vendedor 6,Brasil,10,Time 3,378998.8
274,Cliente 26,2019-0887,Serviços,2019-02-12,Upselling,Vendedor 6,Brasil,3,Time 3,113699.64
275,Cliente 26,2019-0693,Produtos,2019-02-18,Upselling,Vendedor 6,Brasil,3,Time 3,56849.82
276,Cliente 26,2019-0884,Serviços,2019-02-27,Upselling,Vendedor 6,Brasil,1,Time 3,37899.88
277,Cliente 26,2019-1337,Serviços,2019-06-19,Upselling,Vendedor 10,Brasil,7,Time 7,189499.4
278,Cliente 26,2019-1393,Serviços,2019-07-25,Upselling,Vendedor 10,Brasil,12,Time 7,324499.2
279,Cliente 26,2019-1637,Serviços,2019-09-24,Cross selling,Vendedor 10,Brasil,3,Time 7,113699.64
280,Cliente 26,2018-0342,Licenciamento,2019-10-23,Upselling,Vendedor 10,Brasil,12,Time 7,595017.0
281,Cliente 26,2019-1638,Serviços,2019-11-27,Upselling,Vendedor 10,Brasil,8,Time 7,303199.04
282,Cliente 26,2019-1784,Serviços,2019-11-28,Upselling,Vendedor 10,Brasil,13,Time 7,324506.82
283,Cliente 26,2019-1905,Serviços,2020-02-28,Upselling,Vendedor 18,Brasil,13,Time 1,624960.0
284,Cliente 26,2020-2676,Licenciamento,2020-10-22,Upselling,Vendedor 18,Brasil,12,Time 1,703362.68
285,Cliente 26,2020-2454,Serviços,2020-12-02,Cross selling,Vendedor 18,Brasil,3,Time 1,169013.97
286,Cliente 26,2021-3500,Serviços,2021-04-05,Upselling,Vendedor 18,Brasil,2,Time 1,29999.5
287,Cliente 26,2020-3055,Serviços,2021-04-29,Renovação,Vendedor 18,Brasil,12,Time 1,704098.56
288,Cliente 27,2018-0362,Produtos,2018-06-21,Novo Logo,Vendedor 7,Brasil,6,Time 5,296000.0
289,Cliente 27,2018-0471,Produtos,2018-09-17,Upselling,Vendedor 7,Brasil,6,Time 5,184000.0
290,Cliente 27,2020-2109,Serviços,2020-03-30,Cross selling,Vendedor 14,Brasil,5,Time 3,70855.18
291,Cliente 27,2020-2431,Serviços,2020-07-24,Cross selling,Vendedor 14,Brasil,1,Time 3,75001.48
292,Cliente 28,2018-0303,Produtos,2018-06-29,Novo Logo,Vendedor 1,Brasil,24,Time 1,233600.0
293,Cliente 29,2018-0397,Licenciamento,2018-07-30,Upselling,Vendedor 2,Brasil,12,Time 2,175451.01
294,Cliente 29,2018-0515,Licenciamento,2018-10-23,Upselling,Vendedor 2,Brasil,12,Time 2,225579.87
295,Cliente 29,2018-0635,Licenciamento,2019-02-28,Renovação,Vendedor 9,Brasil,12,Time 3,329425.17
296,Cliente 3,2018-0041,Serviços,2018-01-11,Cross selling,Vendedor 2,Brasil,1,Time 2,327260.83
297,Cliente 3,2018-0156,Serviços,2018-03-29,Upselling,Vendedor 4,Brasil,1,Time 2,203403.76
298,Cliente 3,2018-0040,Licenciamento,2018-03-29,Cross selling,Vendedor 4,Brasil,12,Time 2,1631893.57
299,Cliente 3,2018-9999,Licenciamento,2018-09-28,Renovação,Vendedor 4,Brasil,12,Time 2,5927305.0
300,Cliente 3,2018-0677,Licenciamento,2019-01-15,Upselling,Vendedor 10,Brasil,33,Time 7,160519.81
301,Cliente 3,2019-0873,Licenciamento,2019-01-31,Upselling,Vendedor 10,Brasil,32,Time 7,1142316.45
302,Cliente 3,2019-1139,Licenciamento,2019-04-18,Upselling,Vendedor 10,Brasil,12,Time 7,129408.43
303,Cliente 3,2019-1159,Licenciamento,2019-04-18,Upselling,Vendedor 10,Brasil,12,Time 7,310580.23
304,Cliente 3,2019-1247,Serviços,2019-05-27,Cross selling,Vendedor 10,Brasil,1,Time 7,258249.27
305,Cliente 3,2018-0430,Serviços,2019-05-27,Cross selling,Vendedor 10,Brasil,1,Time 7,274075.07
306,Cliente 3,2018-0346,Licenciamento,2019-08-07,Renovação,Vendedor 10,Brasil,37,Time 7,2266667.0
307,Cliente 3,2019-1478,Licenciamento,2019-08-09,Upselling,Vendedor 10,Brasil,2,Time 7,18503.55
308,Cliente 3,2019-1479,Licenciamento,2019-08-09,Upselling,Vendedor 10,Brasil,12,Time 7,104272.5
309,Cliente 3,2019-1480,Licenciamento,2019-08-16,Upselling,Vendedor 10,Brasil,12,Time 7,104272.5
310,Cliente 3,2019-1651,Licenciamento,2019-09-26,Renovação,Vendedor 10,Brasil,12,Time 7,5927305.92
311,Cliente 3,2019-1160,Licenciamento,2019-10-01,Upselling,Vendedor 10,Brasil,12,Time 7,310580.23
312,Cliente 3,2019-1659,Licenciamento,2019-12-13,Renovação,Vendedor 10,Brasil,22,Time 7,578403.08
313,Cliente 3,2018-0685,Licenciamento,2020-01-17,Renovação,Vendedor 10,Brasil,12,Time 3,160519.84
314,Cliente 3,2018-0686,Licenciamento,2020-01-22,Renovação,Vendedor 10,Brasil,9,Time 3,113902.88
315,Cliente 3,2019-1915,Licenciamento,2020-01-24,Renovação,Vendedor 10,Brasil,12,Time 3,6383772.66
316,Cliente 3,2020-2099,Licenciamento,2020-01-24,Renovação,Vendedor 10,Brasil,4,Time 3,12539816.58
317,Cliente 3,2019-1554,Licenciamento,2020-03-13,Renovação,Vendedor 10,Brasil,12,Time 3,2266666.9
318,Cliente 3,2020-2245,Licenciamento,2020-04-29,Renovação,Vendedor 3,Brasil,12,Time 1,671738.63
319,Cliente 3,2020-2591,Serviços,2020-09-01,Cross selling,Vendedor 3,Brasil,12,Time 1,127284.0
320,Cliente 3,2020-2165,Licenciamento,2020-10-02,Renovação,Vendedor 3,Brasil,12,Time 1,548760.08
321,Cliente 3,2020-3199,Licenciamento,2021-01-15,Renovação,Vendedor 3,Brasil,25,Time 1,390371.61
322,Cliente 3,2020-3200,Licenciamento,2021-01-19,Renovação,Vendedor 3,Brasil,25,Time 1,1171114.79
323,Cliente 3,2021-3656,Produtos,2021-04-07,Upselling,Vendedor 28,Brasil,22,Time 1,1305402.59
324,Cliente 3,2021-3846,Produtos,2021-04-20,Cross selling,Vendedor 23,Brasil,13,Time 1,52287.69
325,Cliente 3,2021-3656,Produtos,2021-04-23,Upselling,Vendedor 28,Brasil,22,Time 1,1345026.41
326,Cliente 3,2021-3662,Produtos,2021-04-30,Upselling,Vendedor 28,Brasil,12,Time 1,656708.75
327,Cliente 30,2018-0273,Licenciamento,2018-07-31,Upselling,Vendedor 8,Mexico,6,Time 6,87262.5
328,Cliente 30,2018-0258,Licenciamento,2018-11-22,Novo Logo,Vendedor 8,Mexico,38,Time 6,2029860.0
329,Cliente 30,2018-0401,Licenciamento,2019-01-25,Renovação,Vendedor 8,Mexico,12,Time 6,523575.0
330,Cliente 30,2019-0958,Licenciamento,2019-03-28,Upselling,Vendedor 8,Mexico,10,Time 6,174927.75
331,Cliente 30,2019-0692,Licenciamento,2019-07-31,Upselling,Vendedor 8,Mexico,12,Time 6,515520.0
332,Cliente 30,2019-1776,Licenciamento,2019-10-31,Upselling,Vendedor 8,Mexico,12,Time 6,607669.2
333,Cliente 30,2019-0837,Licenciamento,2019-10-31,Renovação,Vendedor 8,Mexico,12,Time 6,998820.0
334,Cliente 30,2019-0836,Licenciamento,2020-01-31,Renovação,Vendedor 8,Mexico,24,Time 9,1466010.0
335,Cliente 30,2020-2090,Licenciamento,2020-03-23,Upselling,Vendedor 8,Mexico,38,Time 9,676620.0
336,Cliente 30,2019-1803,Licenciamento,2020-06-30,Renovação,Vendedor 8,Mexico,24,Time 9,3640860.0
337,Cliente 30,2019-1804,Licenciamento,2020-07-22,Renovação,Vendedor 8,Mexico,13,Time 9,303539.25
338,Cliente 30,2020-2247,Licenciamento,2020-07-27,Upselling,Vendedor 8,Mexico,12,Time 9,689373.75
339,Cliente 30,2020-2514,Licenciamento,2020-08-17,Renovação,Vendedor 8,Mexico,14,Time 9,601440.0
340,Cliente 30,2019-1808,Licenciamento,2020-10-26,Renovação,Vendedor 8,Mexico,12,Time 9,481689.0
341,Cliente 30,2019-1809,Licenciamento,2020-10-28,Renovação,Vendedor 8,Mexico,12,Time 9,966637.05
342,Cliente 30,2021-3291,Licenciamento,2021-02-10,Renovação,Vendedor 8,Mexico,12,Time 9,733005.0
343,Cliente 30,2021-3494,Licenciamento,2021-02-23,Upselling,Vendedor 8,Mexico,12,Time 9,104716.07
344,Cliente 30,2021-3600,Licenciamento,2021-03-22,Upselling,Vendedor 8,Mexico,2,Time 9,117472.83
345,Cliente 30,2021-3290,Licenciamento,2021-03-25,Renovação,Vendedor 8,Mexico,12,Time 9,676620.0
346,Cliente 30,2021-3270,Licenciamento,2021-03-30,Novo Logo,Vendedor 8,Mexico,12,Time 9,2353413.24
347,Cliente 31,2018-0472,Serviços,2018-09-24,Novo Logo,Vendedor 4,Brasil,5,Time 2,240000.0
348,Cliente 31,2018-0578,Serviços,2018-11-21,Upselling,Vendedor 9,Brasil,1,Time 3,32100.0
349,Cliente 31,2018-0622,Serviços,2018-12-09,Upselling,Vendedor 9,Brasil,1,Time 3,21300.0
350,Cliente 31,2018-0675,Serviços,2018-12-21,Upselling,Vendedor 9,Brasil,2,Time 3,96000.0
351,Cliente 31,2018-0580,Serviços,2019-01-30,Upselling,Vendedor 9,Brasil,6,Time 3,270000.0
352,Cliente 31,2019-1000,Serviços,2019-03-25,Upselling,Vendedor 9,Brasil,2,Time 3,134160.0
353,Cliente 31,2019-0926,Serviços,2019-04-26,Upselling,Vendedor 9,Brasil,2,Time 3,91200.0
354,Cliente 31,2019-1344,Serviços,2019-06-26,Upselling,Vendedor 9,Brasil,1,Time 3,15568.6
355,Cliente 31,2019-1612,Serviços,2019-09-24,Upselling,Vendedor 9,Brasil,2,Time 3,84000.0
356,Cliente 31,2019-1634,Serviços,2019-09-30,Upselling,Vendedor 9,Brasil,2,Time 3,91200.0
357,Cliente 31,2019-1609,Serviços,2019-09-30,Upselling,Vendedor 9,Brasil,4,Time 3,501840.0
358,Cliente 31,2019-1723,Serviços,2019-10-14,Upselling,Vendedor 9,Brasil,3,Time 3,142560.0
359,Cliente 31,2019-1869,Serviços,2019-11-19,Upselling,Vendedor 9,Brasil,1,Time 3,9600.0
360,Cliente 31,2019-1868,Serviços,2019-11-22,Cross selling,Vendedor 9,Brasil,2,Time 3,56160.0
361,Cliente 32,2018-0475,Serviços,2018-09-24,Novo Logo,Vendedor 3,Brasil,1,Time 1,32000.0
362,Cliente 32,2019-1422,Serviços,2019-08-15,Cross selling,Vendedor 3,Brasil,2,Time 1,104144.28
363,Cliente 32,2019-1543,Serviços,2019-08-30,Upselling,Vendedor 3,Brasil,1,Time 1,247445.32
364,Cliente 33,2018-0451,Produtos,2018-09-25,Novo Logo,Vendedor 9,Brasil,12,Time 3,316200.0
365,Cliente 33,2019-0848,Produtos,2019-11-22,Renovação,Vendedor 9,Brasil,12,Time 3,115736.13
366,Cliente 33,2019-1911,Serviços,2019-11-22,Renovação,Vendedor 9,Brasil,12,Time 3,161840.64
367,Cliente 33,2021-3678,Produtos,2021-03-22,Upselling,Vendedor 9,Brasil,2,Time 3,19289.36
368,Cliente 34,2018-0376,Licenciamento,2018-09-27,Novo Logo,Vendedor 4,Brasil,49,Time 2,962695.0
369,Cliente 34,2018-0448,Serviços,2018-09-28,Cross selling,Vendedor 4,Brasil,1,Time 2,36000.0
370,Cliente 34,2018-0567,Serviços,2018-11-12,Cross selling,Vendedor 4,Brasil,1,Time 2,8990.0
371,Cliente 34,2019-1790,Serviços,2019-12-12,Upselling,Vendedor 13,Brasil,1,Time 3,15000.0
372,Cliente 34,2020-2102,Produtos,2020-03-16,Upselling,Vendedor 13,Brasil,36,Time 3,712800.0
373,Cliente 34,2020-2420,Serviços,2020-06-30,Upselling,Vendedor 13,Brasil,12,Time 3,151430.4
374,Cliente 34,2020-2222,Licenciamento,2020-06-30,Upselling,Vendedor 13,Brasil,27,Time 3,900000.0
375,Cliente 34,2020-2995,Produtos,2020-12-14,Renovação,Vendedor 13,Brasil,6,Time 3,151435.02
376,Cliente 35,2018-0269,Licenciamento,2018-09-28,Renovação,Vendedor 8,Mexico,12,Time 6,1040437.5
377,Cliente 36,2018-0486,Serviços,2018-10-01,Novo Logo,Vendedor 3,Brasil,1,Time 1,31200.0
378,Cliente 37,2018-0439,Licenciamento,2018-10-11,Renovação,Vendedor 8,Mexico,12,Time 6,593385.0
379,Cliente 37,2018-0534,Licenciamento,2018-10-30,Novo Logo,Vendedor 8,Mexico,12,Time 6,429600.0
380,Cliente 37,2018-0458,Licenciamento,2018-11-20,Renovação,Vendedor 8,Mexico,12,Time 6,418860.0
381,Cliente 37,2018-0291,Licenciamento,2018-11-29,Renovação,Vendedor 8,Mexico,12,Time 6,279240.0
382,Cliente 37,2018-0613,Licenciamento,2018-12-18,Upselling,Vendedor 8,Mexico,11,Time 6,884443.35
383,Cliente 37,2018-0684,Licenciamento,2018-12-27,Upselling,Vendedor 8,Mexico,10,Time 6,214681.86
384,Cliente 37,2019-1002,Licenciamento,2019-03-26,Upselling,Vendedor 8,Mexico,7,Time 6,25738.41
385,Cliente 37,2019-1079,Licenciamento,2019-07-27,Upselling,Vendedor 8,Mexico,16,Time 6,1981245.39
386,Cliente 37,2019-1716,Licenciamento,2019-10-16,Upselling,Vendedor 8,Mexico,12,Time 6,418860.0
387,Cliente 38,2018-0438,Licenciamento,2018-10-31,Upselling,Vendedor 8,Mexico,15,Time 6,322200.0
388,Cliente 38,2018-0290,Licenciamento,2019-01-24,Renovação,Vendedor 8,Mexico,12,Time 6,644400.0
389,Cliente 38,2019-1792,Licenciamento,2020-01-14,Renovação,Vendedor 8,Mexico,12,Time 9,257760.0
390,Cliente 38,2020-1956,Licenciamento,2020-01-14,Renovação,Vendedor 8,Mexico,12,Time 9,687360.0
391,Cliente 38,2019-0839,Licenciamento,2020-01-17,Renovação,Vendedor 8,Mexico,12,Time 9,257760.0
392,Cliente 39,2018-0570,Serviços,2018-11-12,Upselling,Vendedor 6,Brasil,1,Time 3,4495.0
393,Cliente 4,2018-0035,Serviços,2018-01-24,Upselling,Vendedor 2,Brasil,3,Time 2,198750.0
394,Cliente 4,2018-0090,Serviços,2018-01-31,Upselling,Vendedor 2,Brasil,12,Time 2,139552.0
395,Cliente 4,2017-0133,Licenciamento,2018-01-31,Upselling,Vendedor 2,Brasil,12,Time 2,249819.77
396,Cliente 4,2018-0089,Serviços,2018-02-09,Upselling,Vendedor 2,Brasil,5,Time 2,308088.25
397,Cliente 4,2017-0134,Licenciamento,2018-02-14,Upselling,Vendedor 2,Brasil,12,Time 2,254476.08
398,Cliente 4,2017-0105,Serviços,2018-03-06,Upselling,Vendedor 2,Brasil,11,Time 2,398562.0
399,Cliente 4,2018-0184,Serviços,2018-04-24,Upselling,Vendedor 2,Brasil,1,Time 2,80000.0
400,Cliente 4,2018-0381,Serviços,2018-07-13,Upselling,Vendedor 2,Brasil,3,Time 2,95400.0
401,Cliente 4,2018-0418,Serviços,2018-08-15,Upselling,Vendedor 2,Brasil,1,Time 2,48150.0
402,Cliente 4,2018-0477,Serviços,2018-09-20,Upselling,Vendedor 2,Brasil,2,Time 2,46200.0
403,Cliente 4,2018-0502,Licenciamento,2018-10-24,Upselling,Vendedor 2,Brasil,14,Time 2,206191.57
404,Cliente 4,2018-0503,Licenciamento,2018-10-24,Upselling,Vendedor 2,Brasil,14,Time 2,252067.1
405,Cliente 4,2018-0421,Licenciamento,2018-10-24,Upselling,Vendedor 2,Brasil,14,Time 2,294737.19
406,Cliente 4,2018-0422,Serviços,2018-10-24,Upselling,Vendedor 2,Brasil,5,Time 2,340000.0
407,Cliente 4,2018-0573,Licenciamento,2018-11-12,Upselling,Vendedor 3,Brasil,14,Time 1,90784.44
408,Cliente 4,2018-0605,Serviços,2018-11-29,Upselling,Vendedor 3,Brasil,8,Time 1,98000.0
409,Cliente 4,2018-0606,Licenciamento,2018-11-29,Upselling,Vendedor 3,Brasil,12,Time 1,136176.66
410,Cliente 4,2018-0559,Licenciamento,2018-12-21,Upselling,Vendedor 3,Brasil,12,Time 1,186793.75
411,Cliente 4,2018-0560,Serviços,2018-12-21,Upselling,Vendedor 3,Brasil,2,Time 1,278927.69
412,Cliente 4,2018-0548,Serviços,2019-01-08,Cross selling,Vendedor 3,Brasil,1,Time 1,15899.16
413,Cliente 4,2019-1168,Licenciamento,2019-04-23,Upselling,Vendedor 3,Brasil,12,Time 1,256441.68
414,Cliente 4,2019-0762,Licenciamento,2019-04-23,Upselling,Vendedor 3,Brasil,12,Time 1,963921.84
415,Cliente 4,2019-1256,Licenciamento,2019-05-23,Upselling,Vendedor 3,Brasil,15,Time 1,22950.52
416,Cliente 4,2019-1266,Serviços,2019-05-28,Upselling,Vendedor 3,Brasil,1,Time 1,58000.0
417,Cliente 4,2019-1267,Licenciamento,2019-05-28,Upselling,Vendedor 3,Brasil,13,Time 1,256086.36
418,Cliente 4,2019-1238,Serviços,2019-06-25,Upselling,Vendedor 14,Brasil,4,Time 3,109845.66
419,Cliente 4,2019-1076,Serviços,2019-06-26,Upselling,Vendedor 14,Brasil,8,Time 3,353001.6
420,Cliente 4,2019-1130,Licenciamento,2019-08-26,Upselling,Vendedor 3,Brasil,12,Time 1,45901.05
421,Cliente 4,2019-1170,Licenciamento,2019-08-26,Upselling,Vendedor 3,Brasil,12,Time 1,75900.05
422,Cliente 4,2019-1131,Serviços,2019-08-26,Upselling,Vendedor 3,Brasil,4,Time 1,647795.56
423,Cliente 4,2019-1571,Licenciamento,2019-08-28,Upselling,Vendedor 3,Brasil,12,Time 1,137703.12
424,Cliente 4,2019-1760,Serviços,2019-11-14,Upselling,Vendedor 3,Brasil,5,Time 1,262889.3
425,Cliente 4,2019-1724,Licenciamento,2020-01-08,Renovação,Vendedor 3,Brasil,12,Time 1,227948.16
426,Cliente 4,2020-1980,Licenciamento,2020-02-27,Renovação,Vendedor 3,Brasil,12,Time 1,220330.44
427,Cliente 4,2020-2154,Licenciamento,2020-03-09,Renovação,Vendedor 3,Brasil,12,Time 1,14246.76
428,Cliente 4,2020-2155,Licenciamento,2020-03-09,Renovação,Vendedor 3,Brasil,12,Time 1,116001.0
429,Cliente 4,2020-2074,Licenciamento,2020-03-09,Renovação,Vendedor 3,Brasil,12,Time 1,344257.8
430,Cliente 4,2020-2270,Serviços,2020-04-20,Renovação,Vendedor 3,Brasil,2,Time 1,175607.5
431,Cliente 4,2020-2347,Licenciamento,2020-05-26,Upselling,Vendedor 3,Brasil,12,Time 1,165655.56
432,Cliente 4,2019-1725,Licenciamento,2020-05-26,Renovação,Vendedor 3,Brasil,24,Time 1,388818.4
433,Cliente 4,2019-1656,Licenciamento,2020-05-26,Renovação,Vendedor 3,Brasil,24,Time 1,475326.54
434,Cliente 4,2020-1964,Licenciamento,2020-06-12,Upselling,Vendedor 3,Brasil,12,Time 1,87605.18
435,Cliente 4,2020-1960,Licenciamento,2020-06-22,Renovação,Vendedor 3,Brasil,12,Time 1,2082394.71
436,Cliente 4,2020-2119,Serviços,2020-06-25,Renovação,Vendedor 3,Brasil,3,Time 1,78120.0
437,Cliente 4,2020-2330,Serviços,2020-08-06,Renovação,Vendedor 3,Brasil,8,Time 1,208320.0
438,Cliente 4,2020-2566,Serviços,2020-08-21,Upselling,Vendedor 3,Brasil,3,Time 1,139230.0
439,Cliente 4,2020-2606,Serviços,2020-08-24,Upselling,Vendedor 3,Brasil,1,Time 1,113800.0
440,Cliente 4,2020-2922,Licenciamento,2020-10-15,Upselling,Vendedor 3,Brasil,25,Time 1,333238.92
441,Cliente 4,2020-3062,Licenciamento,2020-10-22,Upselling,Vendedor 3,Brasil,12,Time 1,68988.3
442,Cliente 4,2020-2955,Licenciamento,2020-10-22,Upselling,Vendedor 3,Brasil,12,Time 1,83309.7
443,Cliente 4,2020-2942,Licenciamento,2020-10-22,Upselling,Vendedor 3,Brasil,25,Time 1,388788.68
444,Cliente 4,2020-2948,Licenciamento,2020-10-30,Upselling,Vendedor 3,Brasil,13,Time 1,275950.08
445,Cliente 4,2019-1822,Licenciamento,2020-11-03,Renovação,Vendedor 3,Brasil,13,Time 1,223801.84
446,Cliente 4,2020-2269,Licenciamento,2020-12-18,Upselling,Vendedor 3,Brasil,24,Time 1,748118.92
447,Cliente 4,2020-2491,Serviços,2020-12-22,Upselling,Vendedor 3,Brasil,3,Time 1,29887.8
448,Cliente 4,2020-3150,Licenciamento,2021-02-02,Renovação,Vendedor 3,Brasil,12,Time 1,137275.36
449,Cliente 4,2021-3620,Serviços,2021-03-15,Renovação,Vendedor 3,Brasil,9,Time 1,208320.0
450,Cliente 4,2021-3528,Licenciamento,2021-03-19,Renovação,Vendedor 3,Brasil,12,Time 1,382597.81
451,Cliente 4,2021-3802,Produtos,2021-04-01,Upselling,Vendedor 3,Brasil,12,Time 1,49952.97
452,Cliente 4,2020-3098,Produtos,2021-04-30,Cross selling,Vendedor 29,Brasil,12,Time 1,563546.2
453,Cliente 40,2018-0571,Serviços,2018-11-12,Upselling,Vendedor 3,Brasil,1,Time 1,4495.0
454,Cliente 40,2018-0572,Serviços,2018-11-12,Upselling,Vendedor 3,Brasil,1,Time 1,26070.0
455,Cliente 40,2019-1306,Serviços,2019-06-17,Upselling,Vendedor 3,Brasil,1,Time 1,22474.98
456,Cliente 41,2018-0490,Produtos,2018-11-14,Novo Logo,Vendedor 1,Brasil,2,Time 1,87000.0
457,Cliente 42,2018-0626,Serviços,2018-12-12,Novo Logo,Vendedor 9,Brasil,1,Time 3,48000.0
458,Cliente 42,2019-0922,Serviços,2019-02-28,Upselling,Vendedor 9,Brasil,2,Time 3,55198.8
459,Cliente 42,2019-1119,Produtos,2019-03-28,Upselling,Vendedor 11,Brasil,5,Time 3,150000.0
460,Cliente 42,2018-0583,Produtos,2019-05-08,Novo Logo,Vendedor 11,Brasil,5,Time 3,178560.0
461,Cliente 42,2019-1206,Produtos,2019-05-14,Upselling,Vendedor 14,Brasil,1,Time 3,27000.0
462,Cliente 42,2019-1145,Serviços,2019-05-22,Upselling,Vendedor 9,Brasil,4,Time 3,73778.88
463,Cliente 43,2018-0659,Serviços,2018-12-18,Cross selling,Vendedor 6,Brasil,2,Time 3,31109.84
464,Cliente 43,2018-0319,Licenciamento,2018-12-18,Cross selling,Vendedor 6,Brasil,12,Time 3,87330.21
465,Cliente 43,2018-0658,Serviços,2018-12-18,Upselling,Vendedor 6,Brasil,2,Time 3,130000.0
466,Cliente 43,2018-0518,Produtos,2018-12-18,Upselling,Vendedor 6,Brasil,12,Time 3,894024.0
467,Cliente 43,2019-1147,Produtos,2019-05-08,Upselling,Vendedor 13,Brasil,13,Time 3,197340.0
468,Cliente 43,2019-0704,Serviços,2019-05-08,Upselling,Vendedor 13,Brasil,12,Time 3,292800.0
469,Cliente 43,2019-1129,Serviços,2019-05-08,Upselling,Vendedor 13,Brasil,12,Time 3,306660.0
470,Cliente 43,2019-1151,Serviços,2019-05-08,Upselling,Vendedor 13,Brasil,12,Time 3,343203.88
471,Cliente 43,2018-0217,Licenciamento,2019-07-17,Upselling,Vendedor 13,Brasil,22,Time 3,573915.0
472,Cliente 43,2019-1810,Serviços,2019-11-22,Upselling,Vendedor 13,Brasil,1,Time 3,43795.0
473,Cliente 43,2019-0847,Produtos,2019-12-18,Upselling,Vendedor 13,Brasil,12,Time 3,670518.0
474,Cliente 43,2018-0674,Licenciamento,2019-12-19,Cross selling,Vendedor 13,Brasil,37,Time 3,618480.0
475,Cliente 43,2020-1977,Serviços,2020-03-03,Upselling,Vendedor 13,Brasil,6,Time 3,147934.08
476,Cliente 44,2018-0375,Licenciamento,2018-12-21,Renovação,Vendedor 8,Mexico,12,Time 6,402750.0
477,Cliente 44,2019-0917,Licenciamento,2019-04-29,Novo Logo,Vendedor 8,Mexico,13,Time 6,547740.0
478,Cliente 44,2019-0941,Licenciamento,2019-05-21,Upselling,Vendedor 8,Mexico,9,Time 6,935470.11
479,Cliente 44,2019-1885,Licenciamento,2019-12-03,Upselling,Vendedor 8,Mexico,25,Time 6,2110324.08
480,Cliente 44,2019-0842,Licenciamento,2020-01-24,Renovação,Vendedor 8,Mexico,24,Time 9,563850.0
481,Cliente 44,2020-2359,Licenciamento,2020-05-28,Renovação,Vendedor 8,Mexico,38,Time 9,177639.6
482,Cliente 44,2021-3289,Licenciamento,2021-02-09,Renovação,Vendedor 8,Mexico,12,Time 9,281925.0
483,Cliente 44,2021-3287,Licenciamento,2021-02-09,Renovação,Vendedor 8,Mexico,12,Time 9,343680.0
484,Cliente 44,2021-3288,Licenciamento,2021-02-09,Renovação,Vendedor 8,Mexico,12,Time 9,1006875.0
485,Cliente 45,2018-0352,Licenciamento,2018-12-27,Renovação,Vendedor 1,Brasil,12,Time 1,230136.72
486,Cliente 46,2018-0306,Serviços,2018-12-28,Cross selling,Vendedor 1,Brasil,5,Time 1,252856.47
487,Cliente 46,2020-2349,Serviços,2020-06-26,Upselling,Vendedor 1,Brasil,12,Time 1,201484.8
488,Cliente 47,2018-0393,Serviços,2019-01-15,Cross selling,Vendedor 3,Brasil,12,Time 1,25600.0
489,Cliente 47,2017-0301,Licenciamento,2019-01-15,Renovação,Vendedor 3,Brasil,12,Time 1,166950.0
490,Cliente 47,2019-1691,Licenciamento,2020-02-03,Renovação,Vendedor 3,Brasil,24,Time 1,331792.2
491,Cliente 48,2018-0444,Licenciamento,2019-01-30,Novo Logo,Vendedor 8,Mexico,32,Time 6,547740.0
492,Cliente 49,2018-0180,Serviços,2019-01-31,Upselling,Vendedor 3,Brasil,1,Time 1,39469.99
493,Cliente 5,2017-0152,Serviços,2018-01-24,Upselling,Vendedor 3,Brasil,2,Time 1,157297.2
494,Cliente 5,2018-0110,Serviços,2018-03-02,Upselling,Vendedor 3,Brasil,2,Time 1,45020.1
495,Cliente 5,2018-0112,Serviços,2018-03-05,Upselling,Vendedor 3,Brasil,7,Time 1,162796.5
496,Cliente 5,2018-0113,Serviços,2018-03-05,Upselling,Vendedor 3,Brasil,8,Time 1,1010653.2
497,Cliente 5,2018-0155,Serviços,2018-03-28,Upselling,Vendedor 3,Brasil,12,Time 1,332640.0
498,Cliente 5,2018-0128,Serviços,2018-04-02,Upselling,Vendedor 3,Brasil,6,Time 1,945932.4
499,Cliente 5,2018-0142,Serviços,2018-04-02,Upselling,Vendedor 3,Brasil,13,Time 1,951050.64
500,Cliente 5,2018-0129,Serviços,2018-05-11,Upselling,Vendedor 3,Brasil,8,Time 1,1297361.52
501,Cliente 5,2018-0230,Serviços,2018-05-14,Cross selling,Vendedor 3,Brasil,4,Time 1,282120.0
502,Cliente 5,2018-0236,Serviços,2018-05-18,Upselling,Vendedor 3,Brasil,4,Time 1,263501.7
503,Cliente 5,2017-0202,Licenciamento,2018-06-15,Renovação,Vendedor 3,Brasil,12,Time 1,1657500.0
504,Cliente 5,2018-0254,Licenciamento,2018-06-15,Upselling,Vendedor 3,Brasil,37,Time 1,1657500.0
505,Cliente 5,2017-0201,Licenciamento,2018-06-15,Renovação,Vendedor 3,Brasil,14,Time 1,1838012.37
506,Cliente 5,2017-0200,Licenciamento,2018-06-15,Renovação,Vendedor 3,Brasil,12,Time 1,3111782.64
507,Cliente 5,2018-0145,Licenciamento,2018-06-15,Upselling,Vendedor 3,Brasil,37,Time 1,3810588.2
508,Cliente 5,2018-0390,Serviços,2018-07-25,Upselling,Vendedor 3,Brasil,1,Time 1,59605.3
509,Cliente 5,2018-0402,Serviços,2018-08-03,Upselling,Vendedor 3,Brasil,12,Time 1,161918.4
510,Cliente 5,2017-0165,Licenciamento,2018-09-06,Renovação,Vendedor 3,Brasil,12,Time 1,957075.28
511,Cliente 5,2019-1613,Serviços,2018-09-10,Upselling,Vendedor 3,Brasil,1,Time 1,30527.2
512,Cliente 5,2018-0470,Serviços,2018-09-19,Upselling,Vendedor 3,Brasil,6,Time 1,120151.76
513,Cliente 5,2018-0617,Serviços,2018-10-08,Cross selling,Vendedor 3,Brasil,12,Time 1,330760.0
514,Cliente 5,2018-0616,Licenciamento,2018-10-08,Cross selling,Vendedor 3,Brasil,12,Time 1,358398.0
515,Cliente 5,2018-0618,Serviços,2018-10-08,Cross selling,Vendedor 3,Brasil,4,Time 1,363794.4
516,Cliente 5,2018-0619,Serviços,2018-10-08,Cross selling,Vendedor 3,Brasil,16,Time 1,483200.0
517,Cliente 5,2018-0000,Licenciamento,2018-10-08,Cross selling,Vendedor 3,Brasil,12,Time 1,2565216.0
518,Cliente 5,2018-0505,Serviços,2018-10-11,Upselling,Vendedor 3,Brasil,12,Time 1,138786.48
519,Cliente 5,2018-0510,Serviços,2018-10-17,Upselling,Vendedor 3,Brasil,1,Time 1,39652.16
520,Cliente 5,2018-0519,Serviços,2018-10-24,Upselling,Vendedor 3,Brasil,12,Time 1,700045.5
521,Cliente 5,2018-0666,Licenciamento,2018-10-26,Cross selling,Vendedor 3,Argentina,12,Time 1,1989000.0
522,Cliente 5,2018-0665,Licenciamento,2018-10-26,Novo Logo,Vendedor 3,Argentina,14,Time 1,7122171.55
523,Cliente 5,2018-0528,Serviços,2018-10-29,Upselling,Vendedor 3,Brasil,5,Time 1,440000.0
524,Cliente 5,2018-0357,Licenciamento,2018-11-12,Renovação,Vendedor 3,Brasil,12,Time 1,278888.28
525,Cliente 5,2018-0356,Licenciamento,2018-11-12,Renovação,Vendedor 3,Brasil,12,Time 1,629148.46
526,Cliente 5,2018-0596,Serviços,2018-11-26,Upselling,Vendedor 3,Brasil,2,Time 1,116996.96
527,Cliente 5,2018-0597,Serviços,2018-11-26,Upselling,Vendedor 3,Brasil,2,Time 1,116996.96
528,Cliente 5,2018-0599,Serviços,2018-11-26,Upselling,Vendedor 3,Brasil,1,Time 1,187803.0
529,Cliente 5,2018-0598,Serviços,2018-11-26,Upselling,Vendedor 3,Brasil,2,Time 1,344841.12
530,Cliente 5,2018-0611,Serviços,2018-12-03,Upselling,Vendedor 3,Brasil,1,Time 1,23874.75
531,Cliente 5,2018-0612,Serviços,2018-12-03,Upselling,Vendedor 3,Brasil,1,Time 1,206280.0
532,Cliente 5,2018-0607,Serviços,2018-12-21,Upselling,Vendedor 3,Brasil,1,Time 1,117734.4
533,Cliente 5,2019-0908,Serviços,2019-02-25,Upselling,Vendedor 3,Brasil,3,Time 1,165867.76
534,Cliente 5,2019-0905,Serviços,2019-02-25,Upselling,Vendedor 3,Brasil,3,Time 1,207602.5
535,Cliente 5,2019-0906,Serviços,2019-02-25,Upselling,Vendedor 3,Brasil,3,Time 1,414415.99
536,Cliente 5,2019-0907,Serviços,2019-02-25,Upselling,Vendedor 3,Brasil,3,Time 1,486320.82
537,Cliente 5,2019-0962,Serviços,2019-03-13,Upselling,Vendedor 3,Brasil,10,Time 1,219848.75
538,Cliente 5,2019-1127,Serviços,2019-04-04,Upselling,Vendedor 3,Brasil,3,Time 1,461681.04
539,Cliente 5,2019-1128,Serviços,2019-04-04,Upselling,Vendedor 3,Brasil,3,Time 1,461688.46
540,Cliente 5,2019-1217,Serviços,2019-05-08,Upselling,Vendedor 3,Brasil,1,Time 1,44891.0
541,Cliente 5,2019-1269,Serviços,2019-05-29,Upselling,Vendedor 3,Brasil,7,Time 1,214488.48
542,Cliente 5,2018-0354,Licenciamento,2019-06-05,Renovação,Vendedor 3,Brasil,37,Time 1,1838012.37
543,Cliente 5,2018-0355,Licenciamento,2019-06-05,Renovação,Vendedor 3,Brasil,37,Time 1,3315000.0
544,Cliente 5,2018-0353,Licenciamento,2019-06-05,Renovação,Vendedor 3,Brasil,37,Time 1,6922370.84
545,Cliente 5,2019-1362,Serviços,2019-06-27,Upselling,Vendedor 3,Brasil,3,Time 1,200000.0
546,Cliente 5,2019-1428,Serviços,2019-07-17,Upselling,Vendedor 3,Brasil,3,Time 1,153242.32
547,Cliente 5,2019-1483,Serviços,2019-07-22,Upselling,Vendedor 3,Brasil,1,Time 1,134038.08
548,Cliente 5,2019-1482,Serviços,2019-07-22,Upselling,Vendedor 3,Brasil,3,Time 1,512132.4
549,Cliente 5,2019-1351,Serviços,2019-07-23,Upselling,Vendedor 3,Brasil,5,Time 1,317832.8
550,Cliente 5,2019-1430,Serviços,2019-07-23,Upselling,Vendedor 3,Brasil,2,Time 1,687108.56
551,Cliente 5,2019-1426,Serviços,2019-07-29,Upselling,Vendedor 3,Brasil,15,Time 1,825277.68
552,Cliente 5,2019-1509,Serviços,2019-08-01,Upselling,Vendedor 3,Brasil,1,Time 1,20297.52
553,Cliente 5,2019-0844,Licenciamento,2019-08-15,Renovação,Vendedor 3,Brasil,12,Time 1,358398.0
554,Cliente 5,2018-0676,Licenciamento,2019-08-15,Renovação,Vendedor 3,Brasil,12,Time 1,2565216.0
555,Cliente 5,2019-1513,Serviços,2019-08-30,Upselling,Vendedor 3,Brasil,4,Time 1,122259.0
556,Cliente 5,2019-1614,Serviços,2019-09-10,Upselling,Vendedor 3,Brasil,1,Time 1,5566.24
557,Cliente 5,2019-1641,Serviços,2019-09-20,Upselling,Vendedor 3,Brasil,3,Time 1,396794.9
558,Cliente 5,2018-0649,Licenciamento,2019-09-20,Renovação,Vendedor 3,Brasil,12,Time 1,782418.25
559,Cliente 5,2019-1646,Serviços,2019-09-23,Upselling,Vendedor 3,Brasil,2,Time 1,156690.0
560,Cliente 5,2019-1620,Serviços,2019-09-25,Upselling,Vendedor 3,Brasil,1,Time 1,30164.4
561,Cliente 5,2019-1281,Licenciamento,2019-09-30,Upselling,Vendedor 3,Brasil,12,Time 1,1293997.98
562,Cliente 5,2019-1619,Serviços,2019-10-01,Upselling,Vendedor 3,Brasil,1,Time 1,144154.8
563,Cliente 5,2019-1622,Serviços,2019-10-01,Upselling,Vendedor 3,Brasil,3,Time 1,434718.72
564,Cliente 5,2018-0650,Licenciamento,2019-10-17,Renovação,Vendedor 3,Brasil,12,Time 1,297206.68
565,Cliente 5,2018-0651,Licenciamento,2019-10-17,Renovação,Vendedor 3,Brasil,12,Time 1,627322.13
566,Cliente 5,2019-0718,Licenciamento,2019-10-17,Renovação,Vendedor 3,Brasil,12,Time 1,1989000.0
567,Cliente 5,2019-0717,Licenciamento,2019-10-17,Renovação,Vendedor 3,Brasil,12,Time 1,7122171.55
568,Cliente 5,2019-1728,Serviços,2019-10-18,Upselling,Vendedor 3,Brasil,2,Time 1,50457.6
569,Cliente 5,2019-1786,Serviços,2019-11-06,Upselling,Vendedor 3,Brasil,1,Time 1,230679.3
570,Cliente 5,2019-1859,Serviços,2019-11-14,Upselling,Vendedor 3,Brasil,1,Time 1,73168.0
571,Cliente 5,2019-1878,Serviços,2019-11-21,Upselling,Vendedor 3,Brasil,2,Time 1,200150.4
572,Cliente 5,2019-1924,Serviços,2019-12-26,Upselling,Vendedor 3,Brasil,3,Time 1,270714.48
573,Cliente 5,2020-2054,Serviços,2020-01-20,Renovação,Vendedor 3,Brasil,3,Time 1,25756.2
574,Cliente 5,2020-2057,Serviços,2020-01-21,Upselling,Vendedor 3,Brasil,1,Time 1,30527.2
575,Cliente 5,2020-2135,Serviços,2020-03-02,Renovação,Vendedor 3,Brasil,10,Time 1,1047455.0
576,Cliente 5,2020-2139,Serviços,2020-03-03,Renovação,Vendedor 3,Brasil,3,Time 1,90493.2
577,Cliente 5,2020-2108,Serviços,2020-03-04,Renovação,Vendedor 3,Brasil,10,Time 1,350393.0
578,Cliente 5,2020-2150,Serviços,2020-03-06,Renovação,Vendedor 3,Brasil,1,Time 1,18320.4
579,Cliente 5,2020-2149,Serviços,2020-03-06,Renovação,Vendedor 3,Brasil,1,Time 1,36639.05
580,Cliente 5,2020-2167,Serviços,2020-03-13,Renovação,Vendedor 3,Brasil,1,Time 1,23031.36
581,Cliente 5,2020-2176,Serviços,2020-03-17,Renovação,Vendedor 3,Brasil,1,Time 1,9618.48
582,Cliente 5,2020-2201,Serviços,2020-03-27,Renovação,Vendedor 3,Brasil,1,Time 1,23032.0
583,Cliente 5,2019-1282,Serviços,2020-03-31,Upselling,Vendedor 3,Brasil,15,Time 1,474075.0
584,Cliente 5,2020-2256,Serviços,2020-04-03,Renovação,Vendedor 3,Brasil,1,Time 1,21591.9
585,Cliente 5,2020-2254,Serviços,2020-04-03,Renovação,Vendedor 3,Brasil,1,Time 1,22377.06
586,Cliente 5,2020-2302,Serviços,2020-04-23,Renovação,Vendedor 3,Brasil,1,Time 1,21591.9
587,Cliente 5,2020-2313,Serviços,2020-04-29,Renovação,Vendedor 3,Brasil,1,Time 1,23032.0
588,Cliente 5,2020-2322,Serviços,2020-05-04,Renovação,Vendedor 3,Brasil,3,Time 1,262861.2
589,Cliente 5,2020-2321,Serviços,2020-05-08,Renovação,Vendedor 3,Brasil,4,Time 1,110602.8
590,Cliente 5,2020-2367,Serviços,2020-05-28,Renovação,Vendedor 3,Brasil,6,Time 1,134000.54
591,Cliente 5,2020-2363,Serviços,2020-06-02,Renovação,Vendedor 3,Brasil,7,Time 1,245444.4
592,Cliente 5,2020-2404,Serviços,2020-06-09,Renovação,Vendedor 3,Brasil,1,Time 1,23031.36
593,Cliente 5,2020-2403,Serviços,2020-06-12,Renovação,Vendedor 3,Brasil,7,Time 1,370542.26
594,Cliente 5,2018-0662,Licenciamento,2020-06-30,Renovação,Vendedor 3,Brasil,24,Time 1,2205975.01
595,Cliente 5,2018-0663,Produtos,2020-06-30,Renovação,Vendedor 3,Brasil,36,Time 1,7469497.4
596,Cliente 5,2020-2435,Serviços,2020-07-01,Renovação,Vendedor 3,Brasil,3,Time 1,91929.6
597,Cliente 5,2020-2329,Serviços,2020-07-24,Upselling,Vendedor 3,Brasil,4,Time 1,104857.2
598,Cliente 5,2020-2564,Serviços,2020-08-10,Renovação,Vendedor 3,Brasil,4,Time 1,65325.12
599,Cliente 5,2020-2563,Serviços,2020-08-26,Upselling,Vendedor 3,Brasil,4,Time 1,120657.6
600,Cliente 5,2019-1823,Produtos,2020-09-18,Renovação,Vendedor 3,Brasil,12,Time 1,840500.0
601,Cliente 5,2020-2673,Serviços,2020-10-01,Upselling,Vendedor 3,Brasil,4,Time 1,90493.2
602,Cliente 5,2020-2876,Serviços,2020-10-15,Upselling,Vendedor 3,Brasil,3,Time 1,89056.8
603,Cliente 5,2020-2935,Serviços,2020-10-30,Upselling,Vendedor 3,Brasil,8,Time 1,239878.8
604,Cliente 5,2020-2880,Serviços,2020-11-09,Upselling,Vendedor 3,Brasil,13,Time 1,395010.0
605,Cliente 5,2019-1826,Produtos,2020-11-13,Renovação,Vendedor 3,Brasil,12,Time 1,338119.92
606,Cliente 5,2020-3050,Serviços,2020-11-25,Renovação,Vendedor 3,Brasil,1,Time 1,59453.28
607,Cliente 5,2020-2949,Serviços,2020-11-30,Upselling,Vendedor 3,Brasil,2,Time 1,21905.1
608,Cliente 5,2019-1827,Produtos,2020-11-30,Renovação,Vendedor 3,Brasil,12,Time 1,1062053.45
609,Cliente 5,2020-3004,Serviços,2020-12-01,Upselling,Vendedor 3,Brasil,7,Time 1,211150.8
610,Cliente 5,2021-3428,Serviços,2021-02-04,Upselling,Vendedor 3,Brasil,10,Time 1,307389.6
611,Cliente 5,2021-3308,Serviços,2021-02-04,Upselling,Vendedor 3,Brasil,10,Time 1,450858.24
612,Cliente 5,2020-2967,Serviços,2021-02-10,Upselling,Vendedor 3,Brasil,9,Time 1,271479.6
613,Cliente 5,2021-3495,Serviços,2021-02-10,Upselling,Vendedor 3,Brasil,12,Time 1,772726.68
614,Cliente 5,2021-3497,Serviços,2021-02-11,Upselling,Vendedor 3,Brasil,12,Time 1,359818.2
615,Cliente 5,2021-3501,Serviços,2021-02-11,Upselling,Vendedor 3,Brasil,12,Time 1,719636.4
616,Cliente 5,2021-3498,Serviços,2021-02-11,Upselling,Vendedor 3,Brasil,12,Time 1,1386844.2
617,Cliente 5,2021-3421,Serviços,2021-02-18,Upselling,Vendedor 3,Brasil,10,Time 1,269948.16
618,Cliente 5,2021-3484,Serviços,2021-03-02,Upselling,Vendedor 3,Brasil,10,Time 1,269948.16
619,Cliente 5,2021-3869,Serviços,2021-04-19,Upselling,Vendedor 23,Brasil,1,Time 1,28480.0
620,Cliente 5,2021-3864,Serviços,2021-04-19,Upselling,Vendedor 23,Brasil,8,Time 1,245624.4
621,Cliente 50,2018-0523,Serviços,2019-02-26,Novo Logo,Vendedor 9,Brasil,7,Time 3,636822.48
622,Cliente 50,2019-1418,Serviços,2019-07-15,Upselling,Vendedor 9,Brasil,3,Time 3,65622.0
623,Cliente 50,2019-1566,Serviços,2019-09-20,Upselling,Vendedor 9,Brasil,3,Time 3,544496.4
624,Cliente 50,2020-2056,Serviços,2020-01-29,Renovação,Vendedor 9,Brasil,12,Time 3,1100010.24
625,Cliente 50,2020-2078,Serviços,2020-02-19,Upselling,Vendedor 9,Brasil,3,Time 3,110244.96
626,Cliente 50,2020-2122,Serviços,2020-03-31,Cross selling,Vendedor 9,Brasil,3,Time 3,220489.92
627,Cliente 50,2020-2421,Serviços,2020-06-26,Renovação,Vendedor 9,Brasil,2,Time 3,146993.28
628,Cliente 50,2020-2574,Serviços,2020-08-31,Upselling,Vendedor 9,Brasil,3,Time 3,110244.96
629,Cliente 50,2020-2670,Serviços,2020-09-17,Upselling,Vendedor 9,Brasil,3,Time 3,304264.8
630,Cliente 50,2020-2610,Serviços,2020-09-29,Upselling,Vendedor 9,Brasil,3,Time 3,60852.96
631,Cliente 50,2020-3022,Serviços,2021-02-03,Renovação,Vendedor 9,Brasil,12,Time 3,1270080.0
632,Cliente 51,2018-0387,Produtos,2019-02-28,Upselling,Vendedor 1,Brasil,2,Time 1,45000.0
633,Cliente 51,2018-0576,Produtos,2019-02-28,Novo Logo,Vendedor 1,Brasil,12,Time 1,59000.0
634,Cliente 52,2018-0463,Serviços,2019-03-19,Novo Logo,Vendedor 9,Brasil,2,Time 3,18561.2
635,Cliente 52,2019-1155,Serviços,2019-05-08,Upselling,Vendedor 9,Brasil,3,Time 3,93773.76
636,Cliente 52,2019-1312,Serviços,2019-06-26,Cross selling,Vendedor 9,Brasil,1,Time 3,12645.12
637,Cliente 52,2019-1417,Serviços,2019-07-18,Upselling,Vendedor 9,Brasil,4,Time 3,184204.92
638,Cliente 52,2019-1403,Serviços,2019-08-02,Upselling,Vendedor 9,Brasil,3,Time 3,91649.6
639,Cliente 52,2019-1680,Serviços,2019-10-08,Upselling,Vendedor 9,Brasil,4,Time 3,224385.96
640,Cliente 52,2019-1629,Licenciamento,2019-11-05,Cross selling,Vendedor 9,Brasil,37,Time 3,215587.08
641,Cliente 52,2019-1867,Serviços,2019-11-19,Upselling,Vendedor 9,Brasil,2,Time 3,108723.2
642,Cliente 52,2019-1886,Serviços,2019-11-26,Upselling,Vendedor 9,Brasil,5,Time 3,91649.6
643,Cliente 52,2019-1890,Serviços,2019-12-09,Cross selling,Vendedor 9,Brasil,3,Time 3,100568.96
644,Cliente 52,2020-2142,Serviços,2020-03-16,Renovação,Vendedor 16,Brasil,9,Time 3,917182.12
645,Cliente 52,2020-2351,Serviços,2020-05-29,Renovação,Vendedor 16,Brasil,12,Time 3,232233.54
646,Cliente 52,2020-2444,Serviços,2020-07-27,Renovação,Vendedor 16,Brasil,3,Time 3,100568.96
647,Cliente 52,2020-2895,Serviços,2020-10-21,Renovação,Vendedor 16,Brasil,3,Time 3,100568.96
648,Cliente 52,2021-3278,Serviços,2021-01-22,Upselling,Vendedor 9,Brasil,3,Time 3,87148.44
649,Cliente 52,2020-3198,Produtos,2021-02-26,Cross selling,Vendedor 9,Brasil,12,Time 3,77903.82
650,Cliente 52,2021-3873,Serviços,2021-04-19,Upselling,Vendedor 9,Brasil,7,Time 3,203346.36
651,Cliente 53,2018-0582,Produtos,2019-03-25,Novo Logo,Vendedor 11,Brasil,3,Time 3,300000.0
652,Cliente 53,2019-1010,Produtos,2019-12-02,Novo Logo,Vendedor 11,Brasil,12,Time 3,257040.0
653,Cliente 54,2018-0679,Serviços,2019-03-29,Cross selling,Vendedor 1,Brasil,1,Time 1,81500.68
654,Cliente 54,2018-0678,Produtos,2019-03-29,Novo Logo,Vendedor 1,Brasil,33,Time 1,331683.0
655,Cliente 55,2019-1118,Serviços,2019-04-16,Novo Logo,Vendedor 3,Brasil,1,Time 1,45000.0
656,Cliente 56,2018-0544,Produtos,2019-04-17,Novo Logo,Vendedor 11,Brasil,9,Time 3,234000.0
657,Cliente 57,2019-1078,Produtos,2019-04-18,Novo Logo,Vendedor 10,Brasil,2,Time 7,81715.2
658,Cliente 58,2019-0943,Produtos,2019-04-30,Novo Logo,Vendedor 4,Brasil,19,Time 2,1968600.0
659,Cliente 58,2020-3100,Produtos,2021-02-17,Novo Logo,Vendedor 17,Brasil,61,Time 8,701653.6
660,Cliente 59,2019-0927,Licenciamento,2019-05-03,Novo Logo,Vendedor 3,Brasil,37,Time 1,1200000.0
661,Cliente 59,2020-2360,Licenciamento,2020-05-22,Upselling,Vendedor 3,Brasil,37,Time 1,155560.0
662,Cliente 59,2020-2503,Serviços,2020-12-28,Cross selling,Vendedor 3,Brasil,3,Time 1,88089.6
663,Cliente 6,2018-0030,Serviços,2018-01-30,Novo Logo,Vendedor 1,Brasil,4,Time 1,120800.0
664,Cliente 6,2018-0141,Serviços,2018-04-30,Upselling,Vendedor 1,Brasil,14,Time 1,66000.0
665,Cliente 60,2019-1004,Produtos,2019-05-31,Novo Logo,Vendedor 13,Brasil,12,Time 3,210000.0
666,Cliente 61,2019-0716,Serviços,2019-05-31,Novo Logo,Vendedor 8,Mexico,1,Time 6,198690.0
667,Cliente 62,2018-0121,Produtos,2019-06-05,Novo Logo,Vendedor 9,Brasil,16,Time 3,420000.0
668,Cliente 62,2020-2608,Serviços,2020-08-25,Upselling,Vendedor 13,Brasil,13,Time 3,420000.0
669,Cliente 63,2019-1177,Produtos,2019-06-07,Novo Logo,Vendedor 9,Brasil,9,Time 3,400000.0
670,Cliente 64,2019-0703,Licenciamento,2019-06-24,Upselling,Vendedor 8,Mexico,37,Time 6,5316300.0
671,Cliente 64,2019-0702,Licenciamento,2019-07-17,Upselling,Vendedor 8,Mexico,12,Time 6,308775.0
672,Cliente 64,2019-1583,Licenciamento,2019-12-03,Renovação,Vendedor 8,Mexico,13,Time 6,365160.0
673,Cliente 65,2019-1276,Produtos,2019-06-25,Novo Logo,Vendedor 1,Brasil,23,Time 1,480000.0
674,Cliente 65,2019-1671,Serviços,2019-09-27,Cross selling,Vendedor 1,Brasil,1,Time 1,16000.0
675,Cliente 66,2019-1492,Serviços,2019-07-11,Upselling,Vendedor 11,Brasil,14,Time 3,41972.2
676,Cliente 66,2019-1356,Licenciamento,2019-07-12,Novo Logo,Vendedor 11,Brasil,12,Time 3,60214.41
677,Cliente 67,2019-1216,Licenciamento,2019-07-22,Novo Logo,Vendedor 8,Mexico,12,Time 6,214800.0
678,Cliente 67,2021-3269,Licenciamento,2021-01-21,Novo Logo,Vendedor 8,Mexico,12,Time 9,537268.5
679,Cliente 67,2021-3515,Licenciamento,2021-04-20,Upselling,Vendedor 8,Mexico,12,Time 9,292128.0
680,Cliente 68,2019-1388,Serviços,2019-08-22,Novo Logo,Vendedor 14,Brasil,2,Time 3,73920.0
681,Cliente 68,2019-1631,Serviços,2019-09-25,Upselling,Vendedor 14,Brasil,2,Time 3,109999.68
682,Cliente 68,2019-1798,Serviços,2019-12-06,Upselling,Vendedor 14,Brasil,2,Time 3,76000.0
683,Cliente 68,2020-1966,Serviços,2020-03-09,Upselling,Vendedor 14,Brasil,1,Time 3,48444.48
684,Cliente 68,2020-2311,Serviços,2020-05-14,Upselling,Vendedor 14,Brasil,1,Time 3,48192.0
685,Cliente 68,2020-2400,Serviços,2020-06-09,Upselling,Vendedor 14,Brasil,1,Time 3,44175.6
686,Cliente 68,2020-2513,Serviços,2020-07-20,Renovação,Vendedor 14,Brasil,1,Time 3,20800.0
687,Cliente 69,2019-1254,Serviços,2019-08-26,Novo Logo,Vendedor 13,Brasil,1,Time 3,840360.48
688,Cliente 69,2019-1791,Serviços,2019-11-11,Upselling,Vendedor 13,Brasil,6,Time 3,399000.0
689,Cliente 7,2018-0034,Serviços,2018-01-31,Cross selling,Vendedor 1,Brasil,3,Time 1,52800.0
690,Cliente 7,2018-0033,Licenciamento,2018-01-31,Novo Logo,Vendedor 1,Brasil,37,Time 1,338365.31
691,Cliente 7,2018-0114,Produtos,2018-04-19,Cross selling,Vendedor 1,Brasil,12,Time 1,192000.0
692,Cliente 7,2019-0834,Serviços,2019-06-26,Upselling,Vendedor 1,Brasil,3,Time 1,73920.0
693,Cliente 7,2019-1316,Serviços,2019-06-28,Upselling,Vendedor 1,Brasil,2,Time 1,73920.0
694,Cliente 7,2019-1532,Serviços,2019-09-17,Upselling,Vendedor 1,Brasil,5,Time 1,147840.0
695,Cliente 7,2019-1906,Serviços,2019-12-06,Renovação,Vendedor 1,Brasil,6,Time 1,221760.0
696,Cliente 7,2020-2493,Serviços,2020-07-27,Upselling,Vendedor 20,Brasil,3,Time 3,10141.12
697,Cliente 7,2021-3510,Licenciamento,2021-03-30,Renovação,Vendedor 20,Brasil,12,Time 3,342798.07
698,Cliente 7,2020-2596,Produtos,2021-04-30,Upselling,Vendedor 20,Brasil,12,Time 3,211200.0
699,Cliente 70,2019-1366,Licenciamento,2019-08-27,Novo Logo,Vendedor 8,Mexico,12,Time 6,204060.0
700,Cliente 71,2019-0879,Produtos,2019-09-04,Novo Logo,Vendedor 9,Brasil,12,Time 3,417891.11
701,Cliente 71,2019-1602,Produtos,2019-09-09,Novo Logo,Vendedor 9,Brasil,12,Time 3,1500000.0
702,Cliente 71,2020-2308,Produtos,2020-06-05,Cross selling,Vendedor 9,Brasil,6,Time 3,500000.0
703,Cliente 71,2020-2396,Produtos,2020-06-12,Cross selling,Vendedor 7,Brasil,12,Time 5,1000000.0
704,Cliente 71,2020-2392,Produtos,2020-06-12,Cross selling,Vendedor 7,Brasil,49,Time 5,4000000.0
705,Cliente 71,2020-2577,Produtos,2020-09-01,Cross selling,Vendedor 9,Brasil,12,Time 3,11172.0
706,Cliente 71,2020-2519,Serviços,2020-09-24,Upselling,Vendedor 9,Brasil,1,Time 3,100280.27
707,Cliente 71,2019-1849,Produtos,2020-12-14,Renovação,Vendedor 9,Brasil,36,Time 3,3600000.0
708,Cliente 71,2021-3513,Produtos,2021-04-15,Cross selling,Vendedor 7,Brasil,61,Time 5,1865700.0
709,Cliente 73,2019-1484,Serviços,2019-09-18,Novo Logo,Vendedor 12,Colombia,4,Time 6,514446.0
710,Cliente 73,2020-2286,Licenciamento,2020-05-20,Cross selling,Vendedor 12,Colombia,12,Time 10,30072.0
711,Cliente 74,2019-1033,Serviços,2019-09-23,Novo Logo,Vendedor 15,Brasil,2,Time 3,86504.61
712,Cliente 75,2019-1245,Produtos,2019-09-26,Novo Logo,Vendedor 9,Brasil,12,Time 3,219909.81
713,Cliente 75,2019-1294,Serviços,2019-09-26,Novo Logo,Vendedor 9,Brasil,12,Time 3,531941.76
714,Cliente 75,2020-2328,Serviços,2020-06-05,Upselling,Vendedor 9,Brasil,3,Time 3,48043.2
715,Cliente 75,2020-2465,Serviços,2020-07-14,Renovação,Vendedor 9,Brasil,24,Time 3,1063883.52
716,Cliente 75,2019-1850,Produtos,2020-08-20,Renovação,Vendedor 9,Brasil,24,Time 3,291155.52
717,Cliente 75,2020-2650,Serviços,2020-09-09,Upselling,Vendedor 9,Brasil,12,Time 3,265970.88
718,Cliente 75,2020-2655,Serviços,2020-11-05,Upselling,Vendedor 9,Brasil,12,Time 3,265970.88
719,Cliente 75,2020-2941,Serviços,2020-12-17,Cross selling,Vendedor 9,Brasil,12,Time 3,265978.44
720,Cliente 76,2019-1215,Serviços,2019-10-02,Upselling,Vendedor 1,Brasil,4,Time 1,239996.8
721,Cliente 76,2020-2475,Serviços,2020-09-01,Upselling,Vendedor 1,Brasil,1,Time 1,14800.0
722,Cliente 76,2020-2926,Serviços,2020-10-30,Upselling,Vendedor 1,Brasil,1,Time 1,12000.0
723,Cliente 76,2020-2927,Serviços,2020-12-28,Upselling,Vendedor 1,Brasil,1,Time 1,14400.0
724,Cliente 76,2020-3043,Serviços,2020-12-29,Upselling,Vendedor 1,Brasil,3,Time 1,82400.2
725,Cliente 76,2021-3283,Serviços,2021-02-22,Upselling,Vendedor 25,Brasil,1,Time 3,4906.0
726,Cliente 76,2021-3355,Serviços,2021-02-22,Upselling,Vendedor 25,Brasil,1,Time 3,4906.0
727,Cliente 77,2018-0497,Produtos,2019-10-04,Novo Logo,Vendedor 14,Brasil,1,Time 3,1205681.75
728,Cliente 77,2019-1644,Serviços,2019-10-04,Novo Logo,Vendedor 14,Brasil,12,Time 3,1982095.09
729,Cliente 78,2019-1650,Produtos,2019-10-04,Novo Logo,Vendedor 1,Brasil,37,Time 1,558302.35
730,Cliente 78,2019-1936,Produtos,2019-12-26,Novo Logo,Vendedor 7,Brasil,61,Time 5,4734499.0
731,Cliente 79,2019-1600,Licenciamento,2019-12-02,Novo Logo,Vendedor 8,Mexico,12,Time 6,456450.0
732,Cliente 79,2020-2364,Licenciamento,2020-12-04,Novo Logo,Vendedor 8,Mexico,24,Time 9,1396200.0
733,Cliente 8,2018-0043,Serviços,2018-02-06,Upselling,Vendedor 2,Brasil,6,Time 2,401783.0
734,Cliente 8,2018-0171,Serviços,2018-04-17,Cross selling,Vendedor 2,Brasil,1,Time 2,40562.49
735,Cliente 8,2018-0132,Licenciamento,2018-04-17,Cross selling,Vendedor 2,Brasil,12,Time 2,583342.0
736,Cliente 8,2018-0229,Serviços,2018-05-14,Upselling,Vendedor 2,Brasil,2,Time 2,34780.0
737,Cliente 8,2018-0044,Licenciamento,2018-05-14,Upselling,Vendedor 4,Brasil,12,Time 2,234690.0
738,Cliente 8,2018-0382,Serviços,2018-08-22,Upselling,Vendedor 4,Brasil,2,Time 2,120000.0
739,Cliente 8,2017-0162,Licenciamento,2018-08-31,Renovação,Vendedor 4,Brasil,12,Time 2,989861.0
740,Cliente 8,2018-0338,Licenciamento,2018-09-27,Renovação,Vendedor 3,Brasil,12,Time 1,90545.69
741,Cliente 8,2018-0579,Serviços,2018-11-28,Upselling,Vendedor 4,Brasil,1,Time 2,30000.0
742,Cliente 8,2018-0621,Serviços,2018-12-13,Upselling,Vendedor 4,Brasil,2,Time 2,120000.0
743,Cliente 8,2019-0960,Serviços,2019-03-11,Upselling,Vendedor 3,Brasil,3,Time 1,307112.4
744,Cliente 8,2019-0964,Serviços,2019-04-10,Upselling,Vendedor 3,Brasil,3,Time 1,100604.09
745,Cliente 8,2018-0336,Licenciamento,2019-05-03,Renovação,Vendedor 3,Brasil,12,Time 1,583342.0
746,Cliente 8,2019-1300,Serviços,2019-06-11,Upselling,Vendedor 3,Brasil,2,Time 1,87696.0
747,Cliente 8,2019-0866,Serviços,2019-06-11,Upselling,Vendedor 3,Brasil,7,Time 1,973728.0
748,Cliente 8,2018-0337,Licenciamento,2019-07-29,Renovação,Vendedor 3,Brasil,37,Time 1,1220000.0
749,Cliente 8,2019-1494,Serviços,2019-08-30,Upselling,Vendedor 3,Brasil,2,Time 1,57120.0
750,Cliente 8,2019-1301,Serviços,2019-09-18,Upselling,Vendedor 3,Brasil,7,Time 1,279552.0
751,Cliente 8,2019-1742,Serviços,2019-10-18,Upselling,Vendedor 3,Brasil,7,Time 1,698880.0
752,Cliente 8,2019-1754,Serviços,2019-10-24,Upselling,Vendedor 3,Brasil,2,Time 1,57120.0
753,Cliente 8,2019-1855,Serviços,2019-11-19,Upselling,Vendedor 3,Brasil,2,Time 1,57120.0
754,Cliente 8,2018-0640,Licenciamento,2019-12-10,Renovação,Vendedor 3,Brasil,12,Time 1,99501.53
755,Cliente 8,2019-1944,Serviços,2020-01-07,Renovação,Vendedor 3,Brasil,4,Time 1,114236.64
756,Cliente 8,2020-1968,Serviços,2020-01-17,Renovação,Vendedor 3,Brasil,5,Time 1,142800.0
757,Cliente 8,2019-1947,Serviços,2020-01-17,Renovação,Vendedor 3,Brasil,12,Time 1,342720.0
758,Cliente 8,2019-1946,Serviços,2020-01-17,Renovação,Vendedor 3,Brasil,12,Time 1,685440.0
759,Cliente 8,2019-1949,Serviços,2020-01-17,Renovação,Vendedor 3,Brasil,11,Time 1,1713600.0
760,Cliente 8,2020-2146,Serviços,2020-03-06,Renovação,Vendedor 3,Brasil,8,Time 1,244608.0
761,Cliente 8,2020-2145,Serviços,2020-03-06,Renovação,Vendedor 3,Brasil,8,Time 1,264992.0
762,Cliente 8,2020-2144,Serviços,2020-03-06,Renovação,Vendedor 3,Brasil,10,Time 1,532224.0
763,Cliente 8,2020-2157,Produtos,2020-03-16,Cross selling,Vendedor 3,Brasil,12,Time 1,1499400.0
764,Cliente 8,2020-2287,Serviços,2020-04-23,Renovação,Vendedor 3,Brasil,8,Time 1,228480.0
765,Cliente 8,2019-1852,Licenciamento,2020-04-30,Renovação,Vendedor 3,Brasil,24,Time 1,807228.66
766,Cliente 8,2020-2356,Serviços,2020-05-21,Renovação,Vendedor 3,Brasil,1,Time 1,28560.0
767,Cliente 8,2019-1853,Licenciamento,2020-07-01,Renovação,Vendedor 3,Brasil,12,Time 1,1590196.64
768,Cliente 8,2020-2374,Serviços,2020-07-09,Renovação,Vendedor 3,Brasil,2,Time 1,57120.0
769,Cliente 8,2020-2533,Serviços,2020-08-10,Upselling,Vendedor 3,Brasil,4,Time 1,114240.0
770,Cliente 8,2020-2568,Serviços,2020-08-17,Upselling,Vendedor 3,Brasil,3,Time 1,85680.0
771,Cliente 8,2020-2569,Serviços,2020-08-17,Upselling,Vendedor 3,Brasil,3,Time 1,85680.0
772,Cliente 8,2020-2573,Serviços,2020-08-18,Upselling,Vendedor 3,Brasil,2,Time 1,57120.0
773,Cliente 8,2020-2722,Serviços,2020-09-22,Upselling,Vendedor 3,Brasil,2,Time 1,57120.0
774,Cliente 8,2020-2709,Serviços,2020-09-22,Upselling,Vendedor 3,Brasil,2,Time 1,85680.0
775,Cliente 8,2020-2653,Serviços,2020-09-22,Renovação,Vendedor 3,Brasil,3,Time 1,171360.0
776,Cliente 8,2020-2708,Serviços,2020-09-22,Renovação,Vendedor 3,Brasil,6,Time 1,342720.0
777,Cliente 8,2020-2706,Serviços,2020-09-22,Renovação,Vendedor 3,Brasil,12,Time 1,685440.0
778,Cliente 8,2020-2711,Serviços,2020-09-22,Renovação,Vendedor 3,Brasil,12,Time 1,685440.0
779,Cliente 8,2020-2707,Serviços,2020-09-22,Renovação,Vendedor 3,Brasil,12,Time 1,1028160.0
780,Cliente 8,2020-2710,Serviços,2020-09-22,Renovação,Vendedor 3,Brasil,12,Time 1,1713600.0
781,Cliente 8,2020-2718,Serviços,2020-09-24,Upselling,Vendedor 3,Brasil,3,Time 1,171360.0
782,Cliente 8,2020-2531,Produtos,2020-10-09,Cross selling,Vendedor 3,Brasil,12,Time 1,914355.83
783,Cliente 8,2020-2991,Produtos,2020-11-03,Cross selling,Vendedor 3,Brasil,12,Time 1,67730.06
784,Cliente 8,2019-1913,Licenciamento,2020-12-02,Renovação,Vendedor 3,Brasil,12,Time 1,110011.87
785,Cliente 8,2020-3141,Serviços,2021-01-08,Upselling,Vendedor 23,Brasil,12,Time 1,342720.0
786,Cliente 8,2020-3157,Serviços,2021-01-12,Renovação,Vendedor 3,Brasil,12,Time 1,342720.0
787,Cliente 8,2020-3158,Serviços,2021-01-12,Upselling,Vendedor 3,Brasil,12,Time 1,685440.0
788,Cliente 8,2020-3137,Serviços,2021-01-13,Upselling,Vendedor 3,Brasil,12,Time 1,342720.0
789,Cliente 8,2020-3138,Serviços,2021-01-13,Upselling,Vendedor 3,Brasil,12,Time 1,342720.0
790,Cliente 8,2020-3139,Serviços,2021-01-19,Upselling,Vendedor 3,Brasil,12,Time 1,342720.0
791,Cliente 8,2021-3271,Serviços,2021-04-14,Renovação,Vendedor 23,Brasil,9,Time 1,257040.0
792,Cliente 8,2021-3630,Serviços,2021-04-19,Upselling,Vendedor 23,Brasil,12,Time 1,85680.0
793,Cliente 8,2021-3608,Serviços,2021-04-19,Upselling,Vendedor 23,Brasil,9,Time 1,930048.0
794,Cliente 80,2019-1879,Produtos,2019-12-06,Novo Logo,Vendedor 13,Brasil,12,Time 3,234680.04
795,Cliente 81,2019-1349,Serviços,2019-12-06,Novo Logo,Vendedor 16,Brasil,2,Time 3,182116.48
796,Cliente 81,2020-2082,Serviços,2020-08-17,Upselling,Vendedor 16,Brasil,5,Time 3,389308.0
797,Cliente 81,2020-2638,Produtos,2020-08-27,Cross selling,Vendedor 16,Brasil,12,Time 3,158231.04
798,Cliente 82,2019-1736,Licenciamento,2019-12-09,Novo Logo,Vendedor 3,Brasil,12,Time 1,57744.63
799,Cliente 82,2020-2617,Licenciamento,2020-09-21,Cross selling,Vendedor 3,Brasil,12,Time 1,66958.61
800,Cliente 82,2020-3049,Serviços,2020-11-30,Cross selling,Vendedor 3,Brasil,1,Time 1,30000.0
801,Cliente 82,2020-3048,Serviços,2020-11-30,Cross selling,Vendedor 3,Brasil,1,Time 1,98800.0
802,Cliente 82,2020-2988,Produtos,2020-11-30,Cross selling,Vendedor 3,Brasil,12,Time 1,334231.92
803,Cliente 82,2020-3083,Licenciamento,2021-03-25,Renovação,Vendedor 3,Brasil,12,Time 1,89962.77
804,Cliente 84,2019-1668,Licenciamento,2019-12-30,Novo Logo,Vendedor 3,Brasil,12,Time 1,427231.32
805,Cliente 84,2020-1970,Produtos,2021-04-19,Renovação,Vendedor 30,Brasil,12,Time 1,515446.83
806,Cliente 85,2019-1857,Serviços,2020-01-02,Novo Logo,Vendedor 16,Brasil,6,Time 3,320243.62
807,Cliente 86,2020-3115,Produtos,2020-01-11,Novo Logo,Vendedor 17,Brasil,24,Time 8,2257.5
808,Cliente 87,2020-3114,Produtos,2020-01-15,Novo Logo,Vendedor 17,Brasil,24,Time 8,6772.5
809,Cliente 88,2019-1272,Licenciamento,2020-01-29,Novo Logo,Vendedor 3,Brasil,24,Time 1,2016870.8
810,Cliente 89,2020-2073,Produtos,2020-01-31,Novo Logo,Vendedor 7,USA,37,Time 5,24970500.0
811,Cliente 89,2020-2246,Produtos,2020-04-02,Upselling,Vendedor 7,USA,1,Time 5,142456.17
812,Cliente 89,2020-2244,Produtos,2020-04-02,Upselling,Vendedor 7,USA,1,Time 5,1035205.24
813,Cliente 89,2020-2248,Produtos,2020-05-01,Upselling,Vendedor 7,USA,1,Time 5,2122164.45
814,Cliente 89,2020-2327,Produtos,2020-06-02,Upselling,Vendedor 7,USA,1,Time 5,1947564.75
815,Cliente 9,2018-0042,Serviços,2018-02-07,Upselling,Vendedor 4,Brasil,1,Time 2,17387.82
816,Cliente 9,2018-0039,Licenciamento,2018-02-07,Cross selling,Vendedor 4,Brasil,12,Time 2,310811.66
817,Cliente 9,2017-0112,Produtos,2018-03-20,Renovação,Vendedor 4,Brasil,12,Time 2,453692.88
818,Cliente 9,2018-0136,Serviços,2018-05-29,Upselling,Vendedor 4,Brasil,2,Time 2,51200.0
819,Cliente 9,2019-0699,Produtos,2019-01-11,Renovação,Vendedor 10,Brasil,3,Time 7,113423.22
820,Cliente 9,2019-0888,Serviços,2019-03-28,Upselling,Vendedor 10,Brasil,1,Time 7,14634.0
821,Cliente 9,2019-0856,Produtos,2019-04-16,Renovação,Vendedor 10,Brasil,3,Time 7,113423.22
822,Cliente 9,2019-1125,Produtos,2019-06-18,Renovação,Vendedor 10,Brasil,6,Time 7,226846.44
823,Cliente 9,2020-2143,Serviços,2020-03-30,Cross selling,Vendedor 10,Brasil,3,Time 3,198579.09
824,Cliente 9,2019-1667,Licenciamento,2020-03-30,Cross selling,Vendedor 10,Brasil,12,Time 3,1021350.0
825,Cliente 9,2020-2091,Licenciamento,2020-04-13,Cross selling,Vendedor 10,Brasil,1,Time 3,118419.24
826,Cliente 9,2020-2111,Licenciamento,2020-04-13,Cross selling,Vendedor 10,Brasil,1,Time 3,236434.08
827,Cliente 9,2020-2086,Licenciamento,2020-04-24,Cross selling,Vendedor 10,Brasil,12,Time 3,215632.0
828,Cliente 9,2019-0700,Licenciamento,2020-04-30,Cross selling,Vendedor 10,Brasil,1,Time 3,195240.0
829,Cliente 9,2020-2417,Licenciamento,2020-06-30,Cross selling,Vendedor 13,Brasil,12,Time 3,180261.64
830,Cliente 9,2020-3096,Produtos,2020-12-10,Upselling,Vendedor 13,Brasil,36,Time 3,2571006.08
831,Cliente 9,2021-3265,Licenciamento,2021-03-18,Renovação,Vendedor 13,Brasil,12,Time 3,777822.91
832,Cliente 90,2020-1979,Serviços,2020-02-05,Novo Logo,Vendedor 1,Brasil,2,Time 1,28731.1
833,Cliente 91,2019-1588,Serviços,2020-02-19,Novo Logo,Vendedor 14,Brasil,1,Time 3,12100.0
834,Cliente 91,2020-2282,Serviços,2020-04-17,Upselling,Vendedor 14,Brasil,1,Time 3,5976.6
835,Cliente 92,2019-1660,Serviços,2020-02-28,Novo Logo,Vendedor 16,Brasil,3,Time 3,91200.0
836,Cliente 92,2019-1891,Serviços,2020-05-27,Renovação,Vendedor 16,Brasil,7,Time 3,212800.0
837,Cliente 93,2019-1756,Serviços,2020-03-16,Novo Logo,Vendedor 16,Brasil,6,Time 3,377040.2
838,Cliente 93,2020-2443,Serviços,2020-10-30,Upselling,Vendedor 16,Brasil,4,Time 3,148134.72
839,Cliente 94,2020-2170,Serviços,2020-03-31,Novo Logo,Vendedor 7,Brasil,3,Time 5,28500.0
840,Cliente 94,2020-2169,Produtos,2020-03-31,Novo Logo,Vendedor 7,Brasil,62,Time 5,1438500.0
841,Cliente 94,2020-2366,Produtos,2020-07-31,Cross selling,Vendedor 7,Brasil,32,Time 5,120000.0
842,Cliente 94,2020-2604,Produtos,2020-09-03,Cross selling,Vendedor 7,Brasil,61,Time 5,50000.0
843,Cliente 94,2020-2603,Produtos,2020-09-22,Cross selling,Vendedor 7,Brasil,61,Time 5,1320000.0
844,Cliente 94,2021-3417,Serviços,2021-02-04,Upselling,Vendedor 7,Brasil,24,Time 5,432000.0
845,Cliente 95,2020-2177,Produtos,2020-04-20,Novo Logo,Vendedor 19,Brasil,1,Time 3,107424.0
846,Cliente 96,2020-2294,Serviços,2020-04-30,Novo Logo,Vendedor 1,Brasil,2,Time 1,207802.2
847,Cliente 96,2020-2954,Serviços,2020-10-30,Cross selling,Vendedor 1,Brasil,14,Time 1,227000.0
848,Cliente 96,2020-2928,Serviços,2020-10-30,Cross selling,Vendedor 1,Brasil,14,Time 1,273000.0
849,Cliente 96,2021-3613,Produtos,2021-03-15,Upselling,Vendedor 13,Brasil,24,Time 3,120964.32
850,Cliente 97,2020-2164,Produtos,2020-05-07,Novo Logo,Vendedor 19,Brasil,39,Time 3,281880.0
851,Cliente 98,2020-2285,Produtos,2020-05-11,Novo Logo,Vendedor 19,Brasil,12,Time 3,720000.0
852,Cliente 99,2020-2088,Licenciamento,2020-05-12,Novo Logo,Vendedor 9,Brasil,12,Time 3,296498.85
